customer_id,first_name,last_name,city,state,mobile,email
1,Sneha,Patil,Jaipur,Rajasthan,9021846283,sneha.patil1@gmail.com
2,Amit,Chauhan,Hyderabad,Telangana,9551408350,amit.chauhan2@gmail.com
3,Rahul,Chauhan,Nagpur,Maharashtra,9343358369,rahul.chauhan3@gmail.com
4,Nisha,Singh,Ahmedabad,Gujarat,9438303361,nisha.singh4@gmail.com
5,Simran,Jain,Bhilai,Chhattisgarh,9362253137,simran.jain5@gmail.com
6,Rakesh,Singh,Mumbai,Maharashtra,9087444680,rakesh.singh6@gmail.com
7,Nisha,Sharma,Chennai,Tamil Nadu,9200448636,nisha.sharma7@gmail.com
8,Aarti,Pandey,Kolkata,West Bengal,9246998433,aarti.pandey8@gmail.com
9,Nisha,Patil,Raigarh,Chhattisgarh,9546997332,nisha.patil9@gmail.com
10,Karan,Kumar,Durg,Chhattisgarh,9253912096,karan.kumar10@gmail.com
11,Aarti,Yadav,Ahmedabad,Gujarat,9895010425,aarti.yadav11@gmail.com
12,Karan,Chauhan,Hyderabad,Telangana,9726860279,karan.chauhan12@gmail.com
13,Riya,Yadav,Ranchi,Jharkhand,9565630354,riya.yadav13@gmail.com
14,Rohit,Agarwal,Pune,Maharashtra,9220143960,rohit.agarwal14@gmail.com
15,Anjali,Singh,Hyderabad,Telangana,9015442630,anjali.singh15@gmail.com
16,Arjun,Mishra,Pune,Maharashtra,9120096473,arjun.mishra16@gmail.com
17,Rohit,Sharma,Raigarh,Chhattisgarh,9861135787,rohit.sharma17@gmail.com
18,Aarti,Gupta,Raipur,Chhattisgarh,9322393865,aarti.gupta18@gmail.com
19,Simran,Kumar,Lucknow,Uttar Pradesh,9333509963,simran.kumar19@gmail.com
20,Rakesh,Sahu,Bhilai,Chhattisgarh,9024113692,rakesh.sahu20@gmail.com
21,Simran,Verma,Hyderabad,Telangana,9759933511,simran.verma21@gmail.com
22,Karan,Yadav,Lucknow,Uttar Pradesh,9149836960,karan.yadav22@gmail.com
23,Sneha,Sharma,Durg,Chhattisgarh,9118854188,sneha.sharma23@gmail.com
24,Karan,Kumar,Delhi,Delhi,9165230679,karan.kumar24@gmail.com
25,Suresh,Chauhan,Raigarh,Chhattisgarh,9914327334,suresh.chauhan25@gmail.com
26,Aarti,Soni,Surat,Gujarat,9693184187,aarti.soni26@gmail.com
27,Rohit,Jain,Kolkata,West Bengal,9253742341,rohit.jain27@gmail.com
28,Nisha,Kumar,Ranchi,Jharkhand,9075425150,nisha.kumar28@gmail.com
29,Rakesh,Singh,Ranchi,Jharkhand,9593780313,rakesh.singh29@gmail.com
30,Rohit,Patil,Raipur,Chhattisgarh,9350151580,rohit.patil30@gmail.com
31,Amit,Soni,Bhopal,Madhya Pradesh,9604566448,amit.soni31@gmail.com
32,Sneha,Soni,Chennai,Tamil Nadu,9833889100,sneha.soni32@gmail.com
33,Sneha,Yadav,Raipur,Chhattisgarh,9673994293,sneha.yadav33@gmail.com
34,Rahul,Pandey,Delhi,Delhi,9611732526,rahul.pandey34@gmail.com
35,Vivek,Yadav,Lucknow,Uttar Pradesh,9442435642,vivek.yadav35@gmail.com
36,Suresh,Jain,Hyderabad,Telangana,9226374640,suresh.jain36@gmail.com
37,Riya,Jain,Pune,Maharashtra,9250176435,riya.jain37@gmail.com
38,Rohit,Mishra,Mumbai,Maharashtra,9590008635,rohit.mishra38@gmail.com
39,Amit,Patil,Bengaluru,Karnataka,9027641796,amit.patil39@gmail.com
40,Karan,Yadav,Raigarh,Chhattisgarh,9067432903,karan.yadav40@gmail.com
41,Suresh,Verma,Bhilai,Chhattisgarh,9891898332,suresh.verma41@gmail.com
42,Rakesh,Gupta,Indore,Madhya Pradesh,9356286768,rakesh.gupta42@gmail.com
43,Rohit,Mishra,Ahmedabad,Gujarat,9474230436,rohit.mishra43@gmail.com
44,Suresh,Chauhan,Delhi,Delhi,9004959383,suresh.chauhan44@gmail.com
45,Pooja,Kumar,Ranchi,Jharkhand,9941053071,pooja.kumar45@gmail.com
46,Sneha,Pandey,Nagpur,Maharashtra,9235878428,sneha.pandey46@gmail.com
47,Suresh,Jain,Raigarh,Chhattisgarh,9125764086,suresh.jain47@gmail.com
48,Neha,Jain,Pune,Maharashtra,9714803767,neha.jain48@gmail.com
49,Kavita,Singh,Delhi,Delhi,9776604146,kavita.singh49@gmail.com
50,Simran,Patel,Hyderabad,Telangana,9199659943,simran.patel50@gmail.com
51,Aditya,Chauhan,Indore,Madhya Pradesh,9761291566,aditya.chauhan51@gmail.com
52,Priya,Yadav,Bhopal,Madhya Pradesh,9155215162,priya.yadav52@gmail.com
53,Riya,Agarwal,Surat,Gujarat,9364828518,riya.agarwal53@gmail.com
54,Pooja,Soni,Hyderabad,Telangana,9569088338,pooja.soni54@gmail.com
55,Sneha,Mishra,Chennai,Tamil Nadu,9853770965,sneha.mishra55@gmail.com
56,Manish,Chauhan,Indore,Madhya Pradesh,9188426996,manish.chauhan56@gmail.com
57,Rahul,Yadav,Bhopal,Madhya Pradesh,9846972092,rahul.yadav57@gmail.com
58,Kavita,Chauhan,Bengaluru,Karnataka,9105900892,kavita.chauhan58@gmail.com
59,Kavita,Patel,Raigarh,Chhattisgarh,9343754797,kavita.patel59@gmail.com
60,Priya,Mishra,Bhilai,Chhattisgarh,9581347100,priya.mishra60@gmail.com
61,Suresh,Agarwal,Durg,Chhattisgarh,9260479122,suresh.agarwal61@gmail.com
62,Rohit,Singh,Bhopal,Madhya Pradesh,9164578651,rohit.singh62@gmail.com
63,Riya,Sahu,Bilaspur,Chhattisgarh,9587269501,riya.sahu63@gmail.com
64,Priya,Singh,Delhi,Delhi,9302932986,priya.singh64@gmail.com
65,Sneha,Verma,Raipur,Chhattisgarh,9002748779,sneha.verma65@gmail.com
66,Aarti,Verma,Ranchi,Jharkhand,9378812878,aarti.verma66@gmail.com
67,Arjun,Mishra,Raigarh,Chhattisgarh,9959108003,arjun.mishra67@gmail.com
68,Suresh,Gupta,Pune,Maharashtra,9732515911,suresh.gupta68@gmail.com
69,Pooja,Chauhan,Bhopal,Madhya Pradesh,9008172550,pooja.chauhan69@gmail.com
70,Vivek,Agarwal,Raigarh,Chhattisgarh,9890437961,vivek.agarwal70@gmail.com
71,Manish,Soni,Kolkata,West Bengal,9975932692,manish.soni71@gmail.com
72,Amit,Mishra,Raipur,Chhattisgarh,9610022406,amit.mishra72@gmail.com
73,Aditya,Jain,Raipur,Chhattisgarh,9217170829,aditya.jain73@gmail.com
74,Riya,Patel,Jaipur,Rajasthan,9795286545,riya.patel74@gmail.com
75,Anjali,Pandey,Surat,Gujarat,9659620717,anjali.pandey75@gmail.com
76,Aarti,Agarwal,Ahmedabad,Gujarat,9321125035,aarti.agarwal76@gmail.com
77,Pooja,Soni,Mumbai,Maharashtra,9867374894,pooja.soni77@gmail.com
78,Riya,Soni,Nagpur,Maharashtra,9680919023,riya.soni78@gmail.com
79,Sneha,Sharma,Ahmedabad,Gujarat,9267812851,sneha.sharma79@gmail.com
80,Nisha,Gupta,Lucknow,Uttar Pradesh,9784812792,nisha.gupta80@gmail.com
81,Priya,Singh,Bhilai,Chhattisgarh,9618056786,priya.singh81@gmail.com
82,Arjun,Jain,Kolkata,West Bengal,9687931736,arjun.jain82@gmail.com
83,Manish,Soni,Raigarh,Chhattisgarh,9694173791,manish.soni83@gmail.com
84,Riya,Yadav,Bilaspur,Chhattisgarh,9122236435,riya.yadav84@gmail.com
85,Anjali,Singh,Durg,Chhattisgarh,9425960672,anjali.singh85@gmail.com
86,Rakesh,Patil,Durg,Chhattisgarh,9274749983,rakesh.patil86@gmail.com
87,Pooja,Yadav,Mumbai,Maharashtra,9275721880,pooja.yadav87@gmail.com
88,Sneha,Sharma,Pune,Maharashtra,9072681039,sneha.sharma88@gmail.com
89,Arjun,Mishra,Bhilai,Chhattisgarh,9649361273,arjun.mishra89@gmail.com
90,Manish,Pandey,Bhopal,Madhya Pradesh,9277502969,manish.pandey90@gmail.com
91,Vivek,Pandey,Delhi,Delhi,9085020502,vivek.pandey91@gmail.com
92,Rakesh,Agarwal,Surat,Gujarat,9399555254,rakesh.agarwal92@gmail.com
93,Simran,Jain,Raipur,Chhattisgarh,9008117841,simran.jain93@gmail.com
94,Manish,Gupta,Bilaspur,Chhattisgarh,9137397953,manish.gupta94@gmail.com
95,Riya,Singh,Nagpur,Maharashtra,9367792757,riya.singh95@gmail.com
96,Amit,Patel,Pune,Maharashtra,9406233351,amit.patel96@gmail.com
97,Manish,Sharma,Lucknow,Uttar Pradesh,9798300287,manish.sharma97@gmail.com
98,Riya,Sharma,Mumbai,Maharashtra,9777106482,riya.sharma98@gmail.com
99,Rohit,Patel,Chennai,Tamil Nadu,9571386548,rohit.patel99@gmail.com
100,Pooja,Chauhan,Bhopal,Madhya Pradesh,9269967633,pooja.chauhan100@gmail.com
101,Kavita,Singh,Raipur,Chhattisgarh,9945207961,kavita.singh101@gmail.com
102,Rahul,Sahu,Lucknow,Uttar Pradesh,9675558020,rahul.sahu102@gmail.com
103,Rahul,Mishra,Bhilai,Chhattisgarh,9361330725,rahul.mishra103@gmail.com
104,Manish,Soni,Bengaluru,Karnataka,9995595326,manish.soni104@gmail.com
105,Rakesh,Gupta,Hyderabad,Telangana,9177102248,rakesh.gupta105@gmail.com
106,Vivek,Yadav,Raigarh,Chhattisgarh,9045419112,vivek.yadav106@gmail.com
107,Rohit,Patel,Jaipur,Rajasthan,9032194827,rohit.patel107@gmail.com
108,Rahul,Kumar,Ahmedabad,Gujarat,9619256355,rahul.kumar108@gmail.com
109,Anjali,Mishra,Mumbai,Maharashtra,9995766681,anjali.mishra109@gmail.com
110,Priya,Pandey,Bilaspur,Chhattisgarh,9022037740,priya.pandey110@gmail.com
111,Sneha,Verma,Raigarh,Chhattisgarh,9242001672,sneha.verma111@gmail.com
112,Anjali,Pandey,Pune,Maharashtra,9895439914,anjali.pandey112@gmail.com
113,Neha,Agarwal,Ahmedabad,Gujarat,9427266332,neha.agarwal113@gmail.com
114,Neha,Jain,Chennai,Tamil Nadu,9205152485,neha.jain114@gmail.com
115,Anjali,Mishra,Indore,Madhya Pradesh,9371405987,anjali.mishra115@gmail.com
116,Vivek,Yadav,Durg,Chhattisgarh,9871347737,vivek.yadav116@gmail.com
117,Arjun,Singh,Mumbai,Maharashtra,9792213228,arjun.singh117@gmail.com
118,Kavita,Pandey,Hyderabad,Telangana,9542552387,kavita.pandey118@gmail.com
119,Karan,Soni,Ranchi,Jharkhand,9871233496,karan.soni119@gmail.com
120,Nisha,Gupta,Indore,Madhya Pradesh,9528600498,nisha.gupta120@gmail.com
121,Pooja,Jain,Jaipur,Rajasthan,9070904459,pooja.jain121@gmail.com
122,Karan,Singh,Raipur,Chhattisgarh,9553167348,karan.singh122@gmail.com
123,Rohit,Jain,Durg,Chhattisgarh,9754259329,rohit.jain123@gmail.com
124,Neha,Agarwal,Bhilai,Chhattisgarh,9475382684,neha.agarwal124@gmail.com
125,Priya,Jain,Bengaluru,Karnataka,9386134072,priya.jain125@gmail.com
126,Arjun,Jain,Raipur,Chhattisgarh,9809939650,arjun.jain126@gmail.com
127,Priya,Chauhan,Chennai,Tamil Nadu,9936409914,priya.chauhan127@gmail.com
128,Rohit,Kumar,Jaipur,Rajasthan,9420306825,rohit.kumar128@gmail.com
129,Rahul,Soni,Surat,Gujarat,9797272613,rahul.soni129@gmail.com
130,Nisha,Patel,Surat,Gujarat,9229846170,nisha.patel130@gmail.com
131,Rohit,Kumar,Raigarh,Chhattisgarh,9092703395,rohit.kumar131@gmail.com
132,Vivek,Mishra,Raipur,Chhattisgarh,9455367809,vivek.mishra132@gmail.com
133,Rakesh,Gupta,Nagpur,Maharashtra,9442863399,rakesh.gupta133@gmail.com
134,Aditya,Pandey,Mumbai,Maharashtra,9191726177,aditya.pandey134@gmail.com
135,Aditya,Singh,Pune,Maharashtra,9300913691,aditya.singh135@gmail.com
136,Kavita,Mishra,Jaipur,Rajasthan,9129519362,kavita.mishra136@gmail.com
137,Manish,Patel,Hyderabad,Telangana,9413296653,manish.patel137@gmail.com
138,Rakesh,Agarwal,Pune,Maharashtra,9561612911,rakesh.agarwal138@gmail.com
139,Simran,Patil,Lucknow,Uttar Pradesh,9961702934,simran.patil139@gmail.com
140,Simran,Mishra,Jaipur,Rajasthan,9387817408,simran.mishra140@gmail.com
141,Rohit,Kumar,Raipur,Chhattisgarh,9598079364,rohit.kumar141@gmail.com
142,Rahul,Singh,Raipur,Chhattisgarh,9069259580,rahul.singh142@gmail.com
143,Simran,Sharma,Ranchi,Jharkhand,9089897153,simran.sharma143@gmail.com
144,Suresh,Singh,Bhopal,Madhya Pradesh,9895899922,suresh.singh144@gmail.com
145,Kavita,Pandey,Bhilai,Chhattisgarh,9894948200,kavita.pandey145@gmail.com
146,Aarti,Soni,Jaipur,Rajasthan,9193942800,aarti.soni146@gmail.com
147,Rakesh,Sahu,Jaipur,Rajasthan,9399074537,rakesh.sahu147@gmail.com
148,Neha,Chauhan,Pune,Maharashtra,9900782375,neha.chauhan148@gmail.com
149,Arjun,Agarwal,Raigarh,Chhattisgarh,9162179950,arjun.agarwal149@gmail.com
150,Simran,Gupta,Bengaluru,Karnataka,9503414736,simran.gupta150@gmail.com
151,Priya,Agarwal,Kolkata,West Bengal,9113976286,priya.agarwal151@gmail.com
152,Neha,Pandey,Durg,Chhattisgarh,9735729733,neha.pandey152@gmail.com
153,Kavita,Pandey,Bhilai,Chhattisgarh,9186897311,kavita.pandey153@gmail.com
154,Karan,Singh,Mumbai,Maharashtra,9853601035,karan.singh154@gmail.com
155,Arjun,Yadav,Jaipur,Rajasthan,9657355535,arjun.yadav155@gmail.com
156,Rakesh,Jain,Surat,Gujarat,9403154278,rakesh.jain156@gmail.com
157,Arjun,Pandey,Kolkata,West Bengal,9804226238,arjun.pandey157@gmail.com
158,Aditya,Agarwal,Delhi,Delhi,9521564496,aditya.agarwal158@gmail.com
159,Pooja,Gupta,Delhi,Delhi,9704106428,pooja.gupta159@gmail.com
160,Suresh,Agarwal,Chennai,Tamil Nadu,9640876663,suresh.agarwal160@gmail.com
161,Simran,Yadav,Bengaluru,Karnataka,9285758746,simran.yadav161@gmail.com
162,Neha,Jain,Ranchi,Jharkhand,9303928682,neha.jain162@gmail.com
163,Priya,Patil,Pune,Maharashtra,9314986372,priya.patil163@gmail.com
164,Pooja,Singh,Surat,Gujarat,9994830484,pooja.singh164@gmail.com
165,Rohit,Patel,Bhilai,Chhattisgarh,9675101967,rohit.patel165@gmail.com
166,Rakesh,Mishra,Delhi,Delhi,9828499842,rakesh.mishra166@gmail.com
167,Rohit,Kumar,Lucknow,Uttar Pradesh,9510769440,rohit.kumar167@gmail.com
168,Sneha,Singh,Bilaspur,Chhattisgarh,9381265340,sneha.singh168@gmail.com
169,Sneha,Soni,Indore,Madhya Pradesh,9764660539,sneha.soni169@gmail.com
170,Manish,Chauhan,Bhopal,Madhya Pradesh,9912970944,manish.chauhan170@gmail.com
171,Riya,Sahu,Kolkata,West Bengal,9997210539,riya.sahu171@gmail.com
172,Riya,Singh,Indore,Madhya Pradesh,9425330365,riya.singh172@gmail.com
173,Simran,Gupta,Lucknow,Uttar Pradesh,9072465910,simran.gupta173@gmail.com
174,Sneha,Verma,Indore,Madhya Pradesh,9858227079,sneha.verma174@gmail.com
175,Riya,Patil,Nagpur,Maharashtra,9474451346,riya.patil175@gmail.com
176,Amit,Yadav,Chennai,Tamil Nadu,9447805050,amit.yadav176@gmail.com
177,Arjun,Jain,Pune,Maharashtra,9750483648,arjun.jain177@gmail.com
178,Rahul,Sharma,Surat,Gujarat,9154680990,rahul.sharma178@gmail.com
179,Rohit,Chauhan,Bhopal,Madhya Pradesh,9399889893,rohit.chauhan179@gmail.com
180,Manish,Singh,Chennai,Tamil Nadu,9783161810,manish.singh180@gmail.com
181,Anjali,Verma,Bengaluru,Karnataka,9976564625,anjali.verma181@gmail.com
182,Amit,Verma,Bhilai,Chhattisgarh,9152533060,amit.verma182@gmail.com
183,Neha,Pandey,Chennai,Tamil Nadu,9968691907,neha.pandey183@gmail.com
184,Arjun,Agarwal,Bilaspur,Chhattisgarh,9381178808,arjun.agarwal184@gmail.com
185,Rahul,Chauhan,Lucknow,Uttar Pradesh,9912914915,rahul.chauhan185@gmail.com
186,Rohit,Verma,Durg,Chhattisgarh,9905623694,rohit.verma186@gmail.com
187,Suresh,Patil,Hyderabad,Telangana,9043613334,suresh.patil187@gmail.com
188,Nisha,Kumar,Raigarh,Chhattisgarh,9851137431,nisha.kumar188@gmail.com
189,Priya,Sharma,Ranchi,Jharkhand,9300180485,priya.sharma189@gmail.com
190,Aditya,Verma,Bhilai,Chhattisgarh,9778077299,aditya.verma190@gmail.com
191,Amit,Pandey,Raigarh,Chhattisgarh,9218692151,amit.pandey191@gmail.com
192,Rohit,Verma,Bengaluru,Karnataka,9581619636,rohit.verma192@gmail.com
193,Priya,Sahu,Mumbai,Maharashtra,9389450791,priya.sahu193@gmail.com
194,Amit,Patil,Lucknow,Uttar Pradesh,9344181575,amit.patil194@gmail.com
195,Neha,Patel,Bengaluru,Karnataka,9003227257,neha.patel195@gmail.com
196,Anjali,Gupta,Delhi,Delhi,9825539964,anjali.gupta196@gmail.com
197,Rahul,Verma,Indore,Madhya Pradesh,9395511414,rahul.verma197@gmail.com
198,Nisha,Chauhan,Raigarh,Chhattisgarh,9958814387,nisha.chauhan198@gmail.com
199,Nisha,Patel,Kolkata,West Bengal,9822168327,nisha.patel199@gmail.com
200,Rakesh,Yadav,Bhopal,Madhya Pradesh,9209018461,rakesh.yadav200@gmail.com
201,Rahul,Kumar,Pune,Maharashtra,9566813217,rahul.kumar201@gmail.com
202,Kavita,Patel,Bhilai,Chhattisgarh,9368429853,kavita.patel202@gmail.com
203,Pooja,Gupta,Bilaspur,Chhattisgarh,9353781049,pooja.gupta203@gmail.com
204,Priya,Singh,Raigarh,Chhattisgarh,9019351016,priya.singh204@gmail.com
205,Karan,Chauhan,Hyderabad,Telangana,9852775386,karan.chauhan205@gmail.com
206,Amit,Verma,Indore,Madhya Pradesh,9870184789,amit.verma206@gmail.com
207,Karan,Singh,Bengaluru,Karnataka,9822485685,karan.singh207@gmail.com
208,Rahul,Pandey,Pune,Maharashtra,9078373758,rahul.pandey208@gmail.com
209,Karan,Chauhan,Hyderabad,Telangana,9265288936,karan.chauhan209@gmail.com
210,Rohit,Patel,Jaipur,Rajasthan,9061824870,rohit.patel210@gmail.com
211,Karan,Agarwal,Jaipur,Rajasthan,9151557887,karan.agarwal211@gmail.com
212,Aarti,Agarwal,Ahmedabad,Gujarat,9264688077,aarti.agarwal212@gmail.com
213,Kavita,Agarwal,Indore,Madhya Pradesh,9337031718,kavita.agarwal213@gmail.com
214,Amit,Kumar,Bilaspur,Chhattisgarh,9288961269,amit.kumar214@gmail.com
215,Riya,Jain,Chennai,Tamil Nadu,9511967469,riya.jain215@gmail.com
216,Aditya,Verma,Pune,Maharashtra,9760880873,aditya.verma216@gmail.com
217,Neha,Verma,Delhi,Delhi,9553938582,neha.verma217@gmail.com
218,Nisha,Sahu,Kolkata,West Bengal,9613549502,nisha.sahu218@gmail.com
219,Nisha,Soni,Ranchi,Jharkhand,9616848221,nisha.soni219@gmail.com
220,Sneha,Patil,Ahmedabad,Gujarat,9297890905,sneha.patil220@gmail.com
221,Aarti,Mishra,Ahmedabad,Gujarat,9711546848,aarti.mishra221@gmail.com
222,Rohit,Chauhan,Ahmedabad,Gujarat,9988464839,rohit.chauhan222@gmail.com
223,Rohit,Verma,Chennai,Tamil Nadu,9010377179,rohit.verma223@gmail.com
224,Rakesh,Patel,Nagpur,Maharashtra,9378624950,rakesh.patel224@gmail.com
225,Priya,Patil,Pune,Maharashtra,9838695797,priya.patil225@gmail.com
226,Riya,Chauhan,Jaipur,Rajasthan,9893198297,riya.chauhan226@gmail.com
227,Priya,Sharma,Ranchi,Jharkhand,9893572993,priya.sharma227@gmail.com
228,Neha,Yadav,Jaipur,Rajasthan,9116189177,neha.yadav228@gmail.com
229,Karan,Mishra,Nagpur,Maharashtra,9258970520,karan.mishra229@gmail.com
230,Rahul,Verma,Raigarh,Chhattisgarh,9771209415,rahul.verma230@gmail.com
231,Manish,Singh,Durg,Chhattisgarh,9058676685,manish.singh231@gmail.com
232,Vivek,Sahu,Nagpur,Maharashtra,9363303271,vivek.sahu232@gmail.com
233,Anjali,Pandey,Raigarh,Chhattisgarh,9936991170,anjali.pandey233@gmail.com
234,Aditya,Kumar,Indore,Madhya Pradesh,9625790053,aditya.kumar234@gmail.com
235,Kavita,Pandey,Bhilai,Chhattisgarh,9957928002,kavita.pandey235@gmail.com
236,Manish,Sahu,Durg,Chhattisgarh,9641086730,manish.sahu236@gmail.com
237,Nisha,Patel,Bilaspur,Chhattisgarh,9273276987,nisha.patel237@gmail.com
238,Aditya,Chauhan,Raipur,Chhattisgarh,9870407957,aditya.chauhan238@gmail.com
239,Manish,Gupta,Raipur,Chhattisgarh,9124019552,manish.gupta239@gmail.com
240,Amit,Jain,Jaipur,Rajasthan,9990321024,amit.jain240@gmail.com
241,Rohit,Gupta,Bengaluru,Karnataka,9943498662,rohit.gupta241@gmail.com
242,Aarti,Patil,Mumbai,Maharashtra,9423192527,aarti.patil242@gmail.com
243,Simran,Gupta,Kolkata,West Bengal,9009479057,simran.gupta243@gmail.com
244,Rohit,Sahu,Jaipur,Rajasthan,9528047238,rohit.sahu244@gmail.com
245,Rahul,Agarwal,Raigarh,Chhattisgarh,9383566577,rahul.agarwal245@gmail.com
246,Anjali,Patil,Pune,Maharashtra,9826147529,anjali.patil246@gmail.com
247,Anjali,Singh,Hyderabad,Telangana,9897540232,anjali.singh247@gmail.com
248,Arjun,Singh,Ahmedabad,Gujarat,9063123277,arjun.singh248@gmail.com
249,Karan,Singh,Raipur,Chhattisgarh,9544699801,karan.singh249@gmail.com
250,Riya,Kumar,Bhopal,Madhya Pradesh,9247025548,riya.kumar250@gmail.com
251,Rohit,Verma,Indore,Madhya Pradesh,9869356213,rohit.verma251@gmail.com
252,Neha,Sharma,Raipur,Chhattisgarh,9827862925,neha.sharma252@gmail.com
253,Rakesh,Verma,Raigarh,Chhattisgarh,9033683789,rakesh.verma253@gmail.com
254,Sneha,Agarwal,Kolkata,West Bengal,9734369452,sneha.agarwal254@gmail.com
255,Anjali,Sahu,Delhi,Delhi,9832299745,anjali.sahu255@gmail.com
256,Riya,Yadav,Raipur,Chhattisgarh,9882824508,riya.yadav256@gmail.com
257,Simran,Soni,Bhilai,Chhattisgarh,9724303348,simran.soni257@gmail.com
258,Rahul,Agarwal,Bilaspur,Chhattisgarh,9236481337,rahul.agarwal258@gmail.com
259,Amit,Sharma,Lucknow,Uttar Pradesh,9595249299,amit.sharma259@gmail.com
260,Suresh,Singh,Bengaluru,Karnataka,9431919863,suresh.singh260@gmail.com
261,Pooja,Patel,Bhopal,Madhya Pradesh,9908000533,pooja.patel261@gmail.com
262,Simran,Jain,Pune,Maharashtra,9097666675,simran.jain262@gmail.com
263,Riya,Chauhan,Bhopal,Madhya Pradesh,9628008738,riya.chauhan263@gmail.com
264,Priya,Sharma,Bhilai,Chhattisgarh,9333812111,priya.sharma264@gmail.com
265,Rahul,Patil,Surat,Gujarat,9718075842,rahul.patil265@gmail.com
266,Amit,Kumar,Lucknow,Uttar Pradesh,9988140936,amit.kumar266@gmail.com
267,Manish,Singh,Durg,Chhattisgarh,9538843083,manish.singh267@gmail.com
268,Nisha,Yadav,Bhopal,Madhya Pradesh,9023748046,nisha.yadav268@gmail.com
269,Rakesh,Gupta,Ranchi,Jharkhand,9219223510,rakesh.gupta269@gmail.com
270,Suresh,Verma,Hyderabad,Telangana,9164492018,suresh.verma270@gmail.com
271,Neha,Agarwal,Jaipur,Rajasthan,9072453016,neha.agarwal271@gmail.com
272,Rohit,Kumar,Bhilai,Chhattisgarh,9996761397,rohit.kumar272@gmail.com
273,Rohit,Mishra,Durg,Chhattisgarh,9406214660,rohit.mishra273@gmail.com
274,Aditya,Verma,Bilaspur,Chhattisgarh,9134273492,aditya.verma274@gmail.com
275,Aditya,Jain,Chennai,Tamil Nadu,9023871033,aditya.jain275@gmail.com
276,Riya,Kumar,Raipur,Chhattisgarh,9622900372,riya.kumar276@gmail.com
277,Riya,Patil,Indore,Madhya Pradesh,9682291671,riya.patil277@gmail.com
278,Rohit,Sahu,Raigarh,Chhattisgarh,9871749796,rohit.sahu278@gmail.com
279,Amit,Soni,Delhi,Delhi,9264149024,amit.soni279@gmail.com
280,Vivek,Chauhan,Raipur,Chhattisgarh,9524913183,vivek.chauhan280@gmail.com
281,Kavita,Agarwal,Ranchi,Jharkhand,9154095346,kavita.agarwal281@gmail.com
282,Anjali,Soni,Indore,Madhya Pradesh,9327607690,anjali.soni282@gmail.com
283,Vivek,Gupta,Indore,Madhya Pradesh,9968839154,vivek.gupta283@gmail.com
284,Kavita,Agarwal,Ahmedabad,Gujarat,9004077911,kavita.agarwal284@gmail.com
285,Rahul,Verma,Indore,Madhya Pradesh,9107968491,rahul.verma285@gmail.com
286,Manish,Chauhan,Pune,Maharashtra,9645456477,manish.chauhan286@gmail.com
287,Karan,Kumar,Delhi,Delhi,9220728589,karan.kumar287@gmail.com
288,Nisha,Verma,Bilaspur,Chhattisgarh,9795166397,nisha.verma288@gmail.com
289,Karan,Patel,Raigarh,Chhattisgarh,9186625880,karan.patel289@gmail.com
290,Riya,Mishra,Indore,Madhya Pradesh,9717090666,riya.mishra290@gmail.com
291,Vivek,Soni,Surat,Gujarat,9726294934,vivek.soni291@gmail.com
292,Manish,Sahu,Raigarh,Chhattisgarh,9529036909,manish.sahu292@gmail.com
293,Rakesh,Pandey,Nagpur,Maharashtra,9940724831,rakesh.pandey293@gmail.com
294,Manish,Sharma,Pune,Maharashtra,9213972540,manish.sharma294@gmail.com
295,Simran,Pandey,Bhilai,Chhattisgarh,9427471434,simran.pandey295@gmail.com
296,Rakesh,Sharma,Hyderabad,Telangana,9699150929,rakesh.sharma296@gmail.com
297,Vivek,Chauhan,Lucknow,Uttar Pradesh,9011125391,vivek.chauhan297@gmail.com
298,Arjun,Yadav,Surat,Gujarat,9713760817,arjun.yadav298@gmail.com
299,Rohit,Verma,Mumbai,Maharashtra,9752165652,rohit.verma299@gmail.com
300,Neha,Agarwal,Hyderabad,Telangana,9997831515,neha.agarwal300@gmail.com
301,Rohit,Sharma,Pune,Maharashtra,9929688832,rohit.sharma301@gmail.com
302,Suresh,Pandey,Raipur,Chhattisgarh,9371670149,suresh.pandey302@gmail.com
303,Rakesh,Agarwal,Nagpur,Maharashtra,9647200875,rakesh.agarwal303@gmail.com
304,Aarti,Yadav,Delhi,Delhi,9286063679,aarti.yadav304@gmail.com
305,Karan,Sahu,Chennai,Tamil Nadu,9468886496,karan.sahu305@gmail.com
306,Riya,Singh,Bhilai,Chhattisgarh,9551492916,riya.singh306@gmail.com
307,Karan,Kumar,Surat,Gujarat,9635607290,karan.kumar307@gmail.com
308,Riya,Sahu,Hyderabad,Telangana,9840730062,riya.sahu308@gmail.com
309,Rohit,Soni,Bengaluru,Karnataka,9310624511,rohit.soni309@gmail.com
310,Aarti,Yadav,Bhilai,Chhattisgarh,9092493770,aarti.yadav310@gmail.com
311,Riya,Sharma,Hyderabad,Telangana,9497340739,riya.sharma311@gmail.com
312,Vivek,Singh,Indore,Madhya Pradesh,9750326829,vivek.singh312@gmail.com
313,Arjun,Chauhan,Kolkata,West Bengal,9901212158,arjun.chauhan313@gmail.com
314,Kavita,Pandey,Ranchi,Jharkhand,9935090744,kavita.pandey314@gmail.com
315,Nisha,Verma,Bhilai,Chhattisgarh,9487774707,nisha.verma315@gmail.com
316,Kavita,Patil,Lucknow,Uttar Pradesh,9789844378,kavita.patil316@gmail.com
317,Neha,Agarwal,Durg,Chhattisgarh,9897286357,neha.agarwal317@gmail.com
318,Sneha,Gupta,Delhi,Delhi,9303772750,sneha.gupta318@gmail.com
319,Amit,Kumar,Bengaluru,Karnataka,9610005859,amit.kumar319@gmail.com
320,Aditya,Agarwal,Raigarh,Chhattisgarh,9399259167,aditya.agarwal320@gmail.com
321,Aarti,Patel,Chennai,Tamil Nadu,9324220740,aarti.patel321@gmail.com
322,Neha,Patil,Raipur,Chhattisgarh,9386481683,neha.patil322@gmail.com
323,Arjun,Pandey,Delhi,Delhi,9413195719,arjun.pandey323@gmail.com
324,Rohit,Soni,Delhi,Delhi,9381039820,rohit.soni324@gmail.com
325,Pooja,Sahu,Kolkata,West Bengal,9339971572,pooja.sahu325@gmail.com
326,Sneha,Chauhan,Raigarh,Chhattisgarh,9432505466,sneha.chauhan326@gmail.com
327,Simran,Jain,Surat,Gujarat,9620149425,simran.jain327@gmail.com
328,Vivek,Jain,Hyderabad,Telangana,9288495901,vivek.jain328@gmail.com
329,Suresh,Sahu,Mumbai,Maharashtra,9485813545,suresh.sahu329@gmail.com
330,Rakesh,Jain,Durg,Chhattisgarh,9130420124,rakesh.jain330@gmail.com
331,Vivek,Pandey,Delhi,Delhi,9169483571,vivek.pandey331@gmail.com
332,Karan,Jain,Indore,Madhya Pradesh,9762400033,karan.jain332@gmail.com
333,Amit,Sahu,Kolkata,West Bengal,9628962319,amit.sahu333@gmail.com
334,Riya,Mishra,Delhi,Delhi,9742322826,riya.mishra334@gmail.com
335,Rohit,Yadav,Raigarh,Chhattisgarh,9284681816,rohit.yadav335@gmail.com
336,Suresh,Sharma,Delhi,Delhi,9198835072,suresh.sharma336@gmail.com
337,Aarti,Soni,Ahmedabad,Gujarat,9424884577,aarti.soni337@gmail.com
338,Vivek,Pandey,Bhilai,Chhattisgarh,9802142795,vivek.pandey338@gmail.com
339,Rahul,Sahu,Indore,Madhya Pradesh,9265894872,rahul.sahu339@gmail.com
340,Simran,Soni,Raigarh,Chhattisgarh,9539187396,simran.soni340@gmail.com
341,Pooja,Agarwal,Delhi,Delhi,9318331507,pooja.agarwal341@gmail.com
342,Rakesh,Kumar,Bhilai,Chhattisgarh,9895008161,rakesh.kumar342@gmail.com
343,Suresh,Sahu,Bengaluru,Karnataka,9317922193,suresh.sahu343@gmail.com
344,Anjali,Yadav,Kolkata,West Bengal,9681327832,anjali.yadav344@gmail.com
345,Aditya,Sahu,Ranchi,Jharkhand,9333963568,aditya.sahu345@gmail.com
346,Manish,Mishra,Durg,Chhattisgarh,9776475075,manish.mishra346@gmail.com
347,Vivek,Gupta,Chennai,Tamil Nadu,9363849318,vivek.gupta347@gmail.com
348,Rohit,Gupta,Ranchi,Jharkhand,9336579996,rohit.gupta348@gmail.com
349,Manish,Jain,Bengaluru,Karnataka,9204608201,manish.jain349@gmail.com
350,Rohit,Soni,Indore,Madhya Pradesh,9806779170,rohit.soni350@gmail.com
351,Suresh,Sahu,Indore,Madhya Pradesh,9035350249,suresh.sahu351@gmail.com
352,Aarti,Chauhan,Raipur,Chhattisgarh,9175926135,aarti.chauhan352@gmail.com
353,Priya,Verma,Surat,Gujarat,9265428032,priya.verma353@gmail.com
354,Arjun,Soni,Ahmedabad,Gujarat,9200948773,arjun.soni354@gmail.com
355,Arjun,Yadav,Bhilai,Chhattisgarh,9733013288,arjun.yadav355@gmail.com
356,Vivek,Pandey,Mumbai,Maharashtra,9283411882,vivek.pandey356@gmail.com
357,Simran,Patil,Ranchi,Jharkhand,9120887839,simran.patil357@gmail.com
358,Simran,Mishra,Durg,Chhattisgarh,9168419938,simran.mishra358@gmail.com
359,Karan,Kumar,Ranchi,Jharkhand,9563693374,karan.kumar359@gmail.com
360,Aditya,Sahu,Raigarh,Chhattisgarh,9135437940,aditya.sahu360@gmail.com
361,Rakesh,Verma,Delhi,Delhi,9526200836,rakesh.verma361@gmail.com
362,Amit,Patil,Bhilai,Chhattisgarh,9923380727,amit.patil362@gmail.com
363,Aarti,Sahu,Jaipur,Rajasthan,9410703689,aarti.sahu363@gmail.com
364,Pooja,Mishra,Kolkata,West Bengal,9079339722,pooja.mishra364@gmail.com
365,Pooja,Soni,Delhi,Delhi,9053909183,pooja.soni365@gmail.com
366,Riya,Chauhan,Hyderabad,Telangana,9143046733,riya.chauhan366@gmail.com
367,Anjali,Soni,Durg,Chhattisgarh,9934777603,anjali.soni367@gmail.com
368,Karan,Chauhan,Bilaspur,Chhattisgarh,9326460734,karan.chauhan368@gmail.com
369,Manish,Soni,Bilaspur,Chhattisgarh,9843231360,manish.soni369@gmail.com
370,Vivek,Verma,Hyderabad,Telangana,9478089043,vivek.verma370@gmail.com
371,Aditya,Patel,Raigarh,Chhattisgarh,9754274383,aditya.patel371@gmail.com
372,Kavita,Mishra,Surat,Gujarat,9914505764,kavita.mishra372@gmail.com
373,Suresh,Gupta,Durg,Chhattisgarh,9365126877,suresh.gupta373@gmail.com
374,Rakesh,Singh,Jaipur,Rajasthan,9813382814,rakesh.singh374@gmail.com
375,Vivek,Yadav,Hyderabad,Telangana,9228947600,vivek.yadav375@gmail.com
376,Manish,Mishra,Ranchi,Jharkhand,9569578541,manish.mishra376@gmail.com
377,Neha,Sahu,Durg,Chhattisgarh,9992254965,neha.sahu377@gmail.com
378,Arjun,Chauhan,Surat,Gujarat,9257874072,arjun.chauhan378@gmail.com
379,Nisha,Verma,Ahmedabad,Gujarat,9825751567,nisha.verma379@gmail.com
380,Aditya,Singh,Raigarh,Chhattisgarh,9026198329,aditya.singh380@gmail.com
381,Anjali,Kumar,Pune,Maharashtra,9762652387,anjali.kumar381@gmail.com
382,Rakesh,Pandey,Bilaspur,Chhattisgarh,9214252681,rakesh.pandey382@gmail.com
383,Suresh,Mishra,Kolkata,West Bengal,9409671927,suresh.mishra383@gmail.com
384,Amit,Patil,Hyderabad,Telangana,9822472913,amit.patil384@gmail.com
385,Amit,Sharma,Hyderabad,Telangana,9674495018,amit.sharma385@gmail.com
386,Amit,Singh,Nagpur,Maharashtra,9395256144,amit.singh386@gmail.com
387,Rakesh,Mishra,Indore,Madhya Pradesh,9247947067,rakesh.mishra387@gmail.com
388,Rohit,Pandey,Hyderabad,Telangana,9094271006,rohit.pandey388@gmail.com
389,Riya,Verma,Jaipur,Rajasthan,9675921639,riya.verma389@gmail.com
390,Suresh,Chauhan,Hyderabad,Telangana,9691648853,suresh.chauhan390@gmail.com
391,Priya,Kumar,Mumbai,Maharashtra,9750654151,priya.kumar391@gmail.com
392,Simran,Yadav,Hyderabad,Telangana,9981379369,simran.yadav392@gmail.com
393,Sneha,Soni,Bilaspur,Chhattisgarh,9910077382,sneha.soni393@gmail.com
394,Karan,Agarwal,Lucknow,Uttar Pradesh,9103362318,karan.agarwal394@gmail.com
395,Arjun,Singh,Raipur,Chhattisgarh,9230207773,arjun.singh395@gmail.com
396,Priya,Singh,Bilaspur,Chhattisgarh,9228631025,priya.singh396@gmail.com
397,Pooja,Agarwal,Pune,Maharashtra,9932397083,pooja.agarwal397@gmail.com
398,Aarti,Chauhan,Bhilai,Chhattisgarh,9584303217,aarti.chauhan398@gmail.com
399,Priya,Soni,Kolkata,West Bengal,9549147179,priya.soni399@gmail.com
400,Aditya,Pandey,Delhi,Delhi,9299447963,aditya.pandey400@gmail.com
401,Priya,Patil,Bhopal,Madhya Pradesh,9730486286,priya.patil401@gmail.com
402,Karan,Gupta,Raigarh,Chhattisgarh,9343668245,karan.gupta402@gmail.com
403,Sneha,Soni,Hyderabad,Telangana,9124025906,sneha.soni403@gmail.com
404,Suresh,Sharma,Kolkata,West Bengal,9980922910,suresh.sharma404@gmail.com
405,Amit,Patel,Bilaspur,Chhattisgarh,9532199321,amit.patel405@gmail.com
406,Arjun,Sharma,Bhilai,Chhattisgarh,9357718069,arjun.sharma406@gmail.com
407,Manish,Yadav,Raipur,Chhattisgarh,9416332556,manish.yadav407@gmail.com
408,Amit,Agarwal,Ahmedabad,Gujarat,9842095731,amit.agarwal408@gmail.com
409,Neha,Yadav,Surat,Gujarat,9499038233,neha.yadav409@gmail.com
410,Suresh,Singh,Kolkata,West Bengal,9560168984,suresh.singh410@gmail.com
411,Aditya,Patil,Bhopal,Madhya Pradesh,9913575936,aditya.patil411@gmail.com
412,Rakesh,Mishra,Bilaspur,Chhattisgarh,9190314658,rakesh.mishra412@gmail.com
413,Amit,Yadav,Surat,Gujarat,9550711137,amit.yadav413@gmail.com
414,Rahul,Patel,Hyderabad,Telangana,9272080862,rahul.patel414@gmail.com
415,Riya,Verma,Mumbai,Maharashtra,9717093192,riya.verma415@gmail.com
416,Manish,Patil,Kolkata,West Bengal,9375280576,manish.patil416@gmail.com
417,Nisha,Kumar,Delhi,Delhi,9584207805,nisha.kumar417@gmail.com
418,Aditya,Yadav,Hyderabad,Telangana,9338335078,aditya.yadav418@gmail.com
419,Riya,Mishra,Bhopal,Madhya Pradesh,9071837679,riya.mishra419@gmail.com
420,Vivek,Sharma,Mumbai,Maharashtra,9821397995,vivek.sharma420@gmail.com
421,Aarti,Patil,Lucknow,Uttar Pradesh,9018452473,aarti.patil421@gmail.com
422,Pooja,Kumar,Hyderabad,Telangana,9236369321,pooja.kumar422@gmail.com
423,Rakesh,Kumar,Bilaspur,Chhattisgarh,9613814312,rakesh.kumar423@gmail.com
424,Priya,Verma,Jaipur,Rajasthan,9212795530,priya.verma424@gmail.com
425,Anjali,Pandey,Chennai,Tamil Nadu,9211204679,anjali.pandey425@gmail.com
426,Aarti,Patel,Raigarh,Chhattisgarh,9033917108,aarti.patel426@gmail.com
427,Neha,Verma,Nagpur,Maharashtra,9042753307,neha.verma427@gmail.com
428,Riya,Patil,Raigarh,Chhattisgarh,9330892361,riya.patil428@gmail.com
429,Aditya,Chauhan,Kolkata,West Bengal,9248866422,aditya.chauhan429@gmail.com
430,Simran,Patil,Bhilai,Chhattisgarh,9646079002,simran.patil430@gmail.com
431,Sneha,Yadav,Indore,Madhya Pradesh,9531149892,sneha.yadav431@gmail.com
432,Aarti,Patil,Bengaluru,Karnataka,9879565369,aarti.patil432@gmail.com
433,Rahul,Gupta,Ranchi,Jharkhand,9527809880,rahul.gupta433@gmail.com
434,Kavita,Sharma,Hyderabad,Telangana,9242198328,kavita.sharma434@gmail.com
435,Rakesh,Sharma,Ranchi,Jharkhand,9575638664,rakesh.sharma435@gmail.com
436,Karan,Gupta,Bhilai,Chhattisgarh,9077661134,karan.gupta436@gmail.com
437,Suresh,Soni,Delhi,Delhi,9318015700,suresh.soni437@gmail.com
438,Nisha,Patel,Chennai,Tamil Nadu,9628929866,nisha.patel438@gmail.com
439,Aarti,Patel,Indore,Madhya Pradesh,9878491767,aarti.patel439@gmail.com
440,Kavita,Yadav,Indore,Madhya Pradesh,9060846984,kavita.yadav440@gmail.com
441,Simran,Verma,Pune,Maharashtra,9709336944,simran.verma441@gmail.com
442,Suresh,Sharma,Surat,Gujarat,9901395842,suresh.sharma442@gmail.com
443,Rohit,Soni,Bilaspur,Chhattisgarh,9626596889,rohit.soni443@gmail.com
444,Riya,Verma,Bhilai,Chhattisgarh,9000692880,riya.verma444@gmail.com
445,Kavita,Kumar,Mumbai,Maharashtra,9308211169,kavita.kumar445@gmail.com
446,Nisha,Gupta,Surat,Gujarat,9928614927,nisha.gupta446@gmail.com
447,Pooja,Jain,Surat,Gujarat,9584866750,pooja.jain447@gmail.com
448,Amit,Soni,Indore,Madhya Pradesh,9412383192,amit.soni448@gmail.com
449,Rakesh,Pandey,Kolkata,West Bengal,9157994954,rakesh.pandey449@gmail.com
450,Rakesh,Patel,Bilaspur,Chhattisgarh,9861056468,rakesh.patel450@gmail.com
451,Suresh,Mishra,Bhilai,Chhattisgarh,9444029112,suresh.mishra451@gmail.com
452,Riya,Kumar,Durg,Chhattisgarh,9521033969,riya.kumar452@gmail.com
453,Suresh,Sharma,Bengaluru,Karnataka,9358279452,suresh.sharma453@gmail.com
454,Nisha,Gupta,Lucknow,Uttar Pradesh,9005403056,nisha.gupta454@gmail.com
455,Aarti,Kumar,Raigarh,Chhattisgarh,9728352104,aarti.kumar455@gmail.com
456,Simran,Verma,Chennai,Tamil Nadu,9495752780,simran.verma456@gmail.com
457,Pooja,Verma,Bhopal,Madhya Pradesh,9983388679,pooja.verma457@gmail.com
458,Aarti,Jain,Bhopal,Madhya Pradesh,9961301334,aarti.jain458@gmail.com
459,Pooja,Gupta,Nagpur,Maharashtra,9360506749,pooja.gupta459@gmail.com
460,Manish,Gupta,Indore,Madhya Pradesh,9497518116,manish.gupta460@gmail.com
461,Suresh,Jain,Durg,Chhattisgarh,9457500355,suresh.jain461@gmail.com
462,Manish,Patil,Hyderabad,Telangana,9001399133,manish.patil462@gmail.com
463,Priya,Agarwal,Nagpur,Maharashtra,9377918206,priya.agarwal463@gmail.com
464,Simran,Singh,Bhilai,Chhattisgarh,9440190076,simran.singh464@gmail.com
465,Kavita,Singh,Bhilai,Chhattisgarh,9771304187,kavita.singh465@gmail.com
466,Pooja,Gupta,Surat,Gujarat,9909254111,pooja.gupta466@gmail.com
467,Vivek,Singh,Raigarh,Chhattisgarh,9514550528,vivek.singh467@gmail.com
468,Nisha,Patel,Delhi,Delhi,9930553470,nisha.patel468@gmail.com
469,Suresh,Pandey,Nagpur,Maharashtra,9323959164,suresh.pandey469@gmail.com
470,Nisha,Mishra,Mumbai,Maharashtra,9200408458,nisha.mishra470@gmail.com
471,Pooja,Patel,Ahmedabad,Gujarat,9672103948,pooja.patel471@gmail.com
472,Riya,Sharma,Pune,Maharashtra,9934247321,riya.sharma472@gmail.com
473,Kavita,Chauhan,Ranchi,Jharkhand,9000396259,kavita.chauhan473@gmail.com
474,Aditya,Sahu,Nagpur,Maharashtra,9464240499,aditya.sahu474@gmail.com
475,Priya,Soni,Mumbai,Maharashtra,9472536535,priya.soni475@gmail.com
476,Riya,Mishra,Durg,Chhattisgarh,9600660393,riya.mishra476@gmail.com
477,Suresh,Patil,Bengaluru,Karnataka,9077650330,suresh.patil477@gmail.com
478,Rakesh,Jain,Kolkata,West Bengal,9176912275,rakesh.jain478@gmail.com
479,Kavita,Kumar,Mumbai,Maharashtra,9112550705,kavita.kumar479@gmail.com
480,Rakesh,Pandey,Ranchi,Jharkhand,9688862908,rakesh.pandey480@gmail.com
481,Nisha,Yadav,Bilaspur,Chhattisgarh,9458499276,nisha.yadav481@gmail.com
482,Anjali,Mishra,Kolkata,West Bengal,9395633278,anjali.mishra482@gmail.com
483,Rohit,Gupta,Surat,Gujarat,9546301576,rohit.gupta483@gmail.com
484,Neha,Mishra,Mumbai,Maharashtra,9806150332,neha.mishra484@gmail.com
485,Pooja,Verma,Surat,Gujarat,9890045358,pooja.verma485@gmail.com
486,Kavita,Soni,Chennai,Tamil Nadu,9775308420,kavita.soni486@gmail.com
487,Aarti,Sahu,Raipur,Chhattisgarh,9249171867,aarti.sahu487@gmail.com
488,Manish,Patil,Raipur,Chhattisgarh,9308400190,manish.patil488@gmail.com
489,Rahul,Sahu,Indore,Madhya Pradesh,9488235656,rahul.sahu489@gmail.com
490,Vivek,Chauhan,Bilaspur,Chhattisgarh,9798840898,vivek.chauhan490@gmail.com
491,Riya,Sharma,Chennai,Tamil Nadu,9391706025,riya.sharma491@gmail.com
492,Sneha,Chauhan,Bilaspur,Chhattisgarh,9620072393,sneha.chauhan492@gmail.com
493,Aditya,Patil,Indore,Madhya Pradesh,9166094005,aditya.patil493@gmail.com
494,Karan,Gupta,Delhi,Delhi,9669874367,karan.gupta494@gmail.com
495,Aditya,Jain,Kolkata,West Bengal,9522184470,aditya.jain495@gmail.com
496,Pooja,Verma,Pune,Maharashtra,9994399453,pooja.verma496@gmail.com
497,Aarti,Patel,Surat,Gujarat,9472155486,aarti.patel497@gmail.com
498,Aditya,Chauhan,Delhi,Delhi,9391920053,aditya.chauhan498@gmail.com
499,Rohit,Yadav,Durg,Chhattisgarh,9583668411,rohit.yadav499@gmail.com
500,Sneha,Verma,Hyderabad,Telangana,9646113143,sneha.verma500@gmail.com
501,Rahul,Patel,Hyderabad,Telangana,9543165634,rahul.patel501@gmail.com
502,Simran,Sahu,Chennai,Tamil Nadu,9300670421,simran.sahu502@gmail.com
503,Vivek,Soni,Durg,Chhattisgarh,9729834760,vivek.soni503@gmail.com
504,Rohit,Verma,Hyderabad,Telangana,9858520952,rohit.verma504@gmail.com
505,Neha,Singh,Jaipur,Rajasthan,9700954596,neha.singh505@gmail.com
506,Priya,Verma,Lucknow,Uttar Pradesh,9755520323,priya.verma506@gmail.com
507,Kavita,Sharma,Durg,Chhattisgarh,9324483168,kavita.sharma507@gmail.com
508,Vivek,Jain,Nagpur,Maharashtra,9499718385,vivek.jain508@gmail.com
509,Rahul,Pandey,Bengaluru,Karnataka,9052460512,rahul.pandey509@gmail.com
510,Rakesh,Patil,Ranchi,Jharkhand,9125585415,rakesh.patil510@gmail.com
511,Pooja,Sahu,Raigarh,Chhattisgarh,9540913604,pooja.sahu511@gmail.com
512,Manish,Soni,Nagpur,Maharashtra,9908293340,manish.soni512@gmail.com
513,Rakesh,Mishra,Ranchi,Jharkhand,9677076196,rakesh.mishra513@gmail.com
514,Karan,Soni,Mumbai,Maharashtra,9758533207,karan.soni514@gmail.com
515,Vivek,Patel,Delhi,Delhi,9089075367,vivek.patel515@gmail.com
516,Vivek,Jain,Bengaluru,Karnataka,9230391039,vivek.jain516@gmail.com
517,Simran,Sharma,Durg,Chhattisgarh,9290937685,simran.sharma517@gmail.com
518,Aarti,Sharma,Ahmedabad,Gujarat,9582836788,aarti.sharma518@gmail.com
519,Amit,Kumar,Jaipur,Rajasthan,9580045163,amit.kumar519@gmail.com
520,Manish,Soni,Hyderabad,Telangana,9833708760,manish.soni520@gmail.com
521,Neha,Yadav,Raigarh,Chhattisgarh,9342226789,neha.yadav521@gmail.com
522,Arjun,Pandey,Surat,Gujarat,9050750342,arjun.pandey522@gmail.com
523,Kavita,Gupta,Bhopal,Madhya Pradesh,9898743391,kavita.gupta523@gmail.com
524,Sneha,Sahu,Bengaluru,Karnataka,9867537602,sneha.sahu524@gmail.com
525,Kavita,Pandey,Ranchi,Jharkhand,9460483465,kavita.pandey525@gmail.com
526,Nisha,Pandey,Raipur,Chhattisgarh,9102285383,nisha.pandey526@gmail.com
527,Manish,Agarwal,Bengaluru,Karnataka,9531181419,manish.agarwal527@gmail.com
528,Suresh,Patil,Surat,Gujarat,9210657350,suresh.patil528@gmail.com
529,Pooja,Pandey,Bengaluru,Karnataka,9928907089,pooja.pandey529@gmail.com
530,Rakesh,Gupta,Hyderabad,Telangana,9977652905,rakesh.gupta530@gmail.com
531,Riya,Soni,Jaipur,Rajasthan,9048776601,riya.soni531@gmail.com
532,Aditya,Sahu,Lucknow,Uttar Pradesh,9981615084,aditya.sahu532@gmail.com
533,Anjali,Agarwal,Raipur,Chhattisgarh,9991596262,anjali.agarwal533@gmail.com
534,Riya,Singh,Bengaluru,Karnataka,9598885283,riya.singh534@gmail.com
535,Rahul,Sharma,Bhopal,Madhya Pradesh,9479801260,rahul.sharma535@gmail.com
536,Anjali,Chauhan,Bengaluru,Karnataka,9160735397,anjali.chauhan536@gmail.com
537,Rohit,Singh,Indore,Madhya Pradesh,9729311411,rohit.singh537@gmail.com
538,Rohit,Sharma,Ranchi,Jharkhand,9275403281,rohit.sharma538@gmail.com
539,Priya,Verma,Kolkata,West Bengal,9136345209,priya.verma539@gmail.com
540,Rakesh,Chauhan,Bilaspur,Chhattisgarh,9819245798,rakesh.chauhan540@gmail.com
541,Priya,Pandey,Indore,Madhya Pradesh,9060214466,priya.pandey541@gmail.com
542,Pooja,Agarwal,Ranchi,Jharkhand,9320275561,pooja.agarwal542@gmail.com
543,Riya,Verma,Delhi,Delhi,9396289794,riya.verma543@gmail.com
544,Aarti,Patel,Bilaspur,Chhattisgarh,9088833693,aarti.patel544@gmail.com
545,Sneha,Sharma,Nagpur,Maharashtra,9288662359,sneha.sharma545@gmail.com
546,Neha,Sahu,Indore,Madhya Pradesh,9422764418,neha.sahu546@gmail.com
547,Pooja,Verma,Chennai,Tamil Nadu,9760589934,pooja.verma547@gmail.com
548,Arjun,Sahu,Mumbai,Maharashtra,9943832789,arjun.sahu548@gmail.com
549,Nisha,Sharma,Nagpur,Maharashtra,9852253401,nisha.sharma549@gmail.com
550,Rahul,Kumar,Bhilai,Chhattisgarh,9774221150,rahul.kumar550@gmail.com
551,Arjun,Yadav,Bhilai,Chhattisgarh,9116437787,arjun.yadav551@gmail.com
552,Aditya,Singh,Raipur,Chhattisgarh,9918212047,aditya.singh552@gmail.com
553,Kavita,Pandey,Lucknow,Uttar Pradesh,9667424671,kavita.pandey553@gmail.com
554,Rahul,Patil,Indore,Madhya Pradesh,9657181406,rahul.patil554@gmail.com
555,Manish,Mishra,Delhi,Delhi,9567550933,manish.mishra555@gmail.com
556,Aarti,Patel,Jaipur,Rajasthan,9074866625,aarti.patel556@gmail.com
557,Anjali,Gupta,Delhi,Delhi,9472711459,anjali.gupta557@gmail.com
558,Rahul,Agarwal,Bhilai,Chhattisgarh,9985194138,rahul.agarwal558@gmail.com
559,Arjun,Chauhan,Nagpur,Maharashtra,9752324020,arjun.chauhan559@gmail.com
560,Priya,Gupta,Lucknow,Uttar Pradesh,9870652144,priya.gupta560@gmail.com
561,Rahul,Soni,Durg,Chhattisgarh,9671647799,rahul.soni561@gmail.com
562,Nisha,Chauhan,Raipur,Chhattisgarh,9453578864,nisha.chauhan562@gmail.com
563,Sneha,Patel,Bengaluru,Karnataka,9885703866,sneha.patel563@gmail.com
564,Kavita,Sahu,Bhilai,Chhattisgarh,9655680221,kavita.sahu564@gmail.com
565,Rakesh,Gupta,Ranchi,Jharkhand,9613596807,rakesh.gupta565@gmail.com
566,Nisha,Sahu,Hyderabad,Telangana,9625330508,nisha.sahu566@gmail.com
567,Riya,Soni,Nagpur,Maharashtra,9444660074,riya.soni567@gmail.com
568,Rakesh,Kumar,Ranchi,Jharkhand,9182680869,rakesh.kumar568@gmail.com
569,Rakesh,Soni,Bengaluru,Karnataka,9719242270,rakesh.soni569@gmail.com
570,Riya,Gupta,Bilaspur,Chhattisgarh,9826513936,riya.gupta570@gmail.com
571,Manish,Soni,Indore,Madhya Pradesh,9050775401,manish.soni571@gmail.com
572,Manish,Gupta,Mumbai,Maharashtra,9790653730,manish.gupta572@gmail.com
573,Rohit,Soni,Lucknow,Uttar Pradesh,9445335026,rohit.soni573@gmail.com
574,Priya,Pandey,Kolkata,West Bengal,9999692543,priya.pandey574@gmail.com
575,Arjun,Sahu,Durg,Chhattisgarh,9386025540,arjun.sahu575@gmail.com
576,Arjun,Singh,Indore,Madhya Pradesh,9851618934,arjun.singh576@gmail.com
577,Amit,Chauhan,Bhilai,Chhattisgarh,9804983374,amit.chauhan577@gmail.com
578,Vivek,Sahu,Ranchi,Jharkhand,9331030983,vivek.sahu578@gmail.com
579,Rohit,Patil,Indore,Madhya Pradesh,9709716125,rohit.patil579@gmail.com
580,Arjun,Gupta,Bengaluru,Karnataka,9780127209,arjun.gupta580@gmail.com
581,Rahul,Chauhan,Chennai,Tamil Nadu,9743504926,rahul.chauhan581@gmail.com
582,Priya,Verma,Surat,Gujarat,9653586773,priya.verma582@gmail.com
583,Amit,Mishra,Durg,Chhattisgarh,9158705430,amit.mishra583@gmail.com
584,Manish,Gupta,Indore,Madhya Pradesh,9818340182,manish.gupta584@gmail.com
585,Kavita,Pandey,Bhilai,Chhattisgarh,9909515797,kavita.pandey585@gmail.com
586,Rohit,Soni,Chennai,Tamil Nadu,9812043839,rohit.soni586@gmail.com
587,Sneha,Pandey,Raigarh,Chhattisgarh,9541750799,sneha.pandey587@gmail.com
588,Aditya,Mishra,Jaipur,Rajasthan,9141752246,aditya.mishra588@gmail.com
589,Riya,Sahu,Bilaspur,Chhattisgarh,9453282622,riya.sahu589@gmail.com
590,Neha,Chauhan,Bhilai,Chhattisgarh,9877114249,neha.chauhan590@gmail.com
591,Amit,Kumar,Lucknow,Uttar Pradesh,9506173592,amit.kumar591@gmail.com
592,Aditya,Patil,Mumbai,Maharashtra,9223363904,aditya.patil592@gmail.com
593,Pooja,Sharma,Nagpur,Maharashtra,9148549666,pooja.sharma593@gmail.com
594,Rohit,Soni,Durg,Chhattisgarh,9255072465,rohit.soni594@gmail.com
595,Priya,Mishra,Surat,Gujarat,9908971693,priya.mishra595@gmail.com
596,Suresh,Verma,Mumbai,Maharashtra,9995539461,suresh.verma596@gmail.com
597,Rohit,Patil,Raipur,Chhattisgarh,9630129544,rohit.patil597@gmail.com
598,Nisha,Agarwal,Raigarh,Chhattisgarh,9467147756,nisha.agarwal598@gmail.com
599,Neha,Sharma,Mumbai,Maharashtra,9989274240,neha.sharma599@gmail.com
600,Sneha,Jain,Lucknow,Uttar Pradesh,9914688495,sneha.jain600@gmail.com
601,Amit,Gupta,Durg,Chhattisgarh,9580951262,amit.gupta601@gmail.com
602,Vivek,Soni,Bhilai,Chhattisgarh,9195026331,vivek.soni602@gmail.com
603,Anjali,Patil,Bhopal,Madhya Pradesh,9160231245,anjali.patil603@gmail.com
604,Amit,Agarwal,Ahmedabad,Gujarat,9087541610,amit.agarwal604@gmail.com
605,Riya,Kumar,Durg,Chhattisgarh,9743945603,riya.kumar605@gmail.com
606,Rohit,Patel,Kolkata,West Bengal,9481264632,rohit.patel606@gmail.com
607,Manish,Agarwal,Raipur,Chhattisgarh,9140019298,manish.agarwal607@gmail.com
608,Karan,Pandey,Bhopal,Madhya Pradesh,9385740987,karan.pandey608@gmail.com
609,Nisha,Verma,Raipur,Chhattisgarh,9218414243,nisha.verma609@gmail.com
610,Riya,Sahu,Lucknow,Uttar Pradesh,9222725014,riya.sahu610@gmail.com
611,Rakesh,Jain,Surat,Gujarat,9079477807,rakesh.jain611@gmail.com
612,Neha,Soni,Ranchi,Jharkhand,9719362540,neha.soni612@gmail.com
613,Rahul,Sahu,Pune,Maharashtra,9050295621,rahul.sahu613@gmail.com
614,Aarti,Kumar,Raigarh,Chhattisgarh,9652443944,aarti.kumar614@gmail.com
615,Pooja,Jain,Lucknow,Uttar Pradesh,9908118973,pooja.jain615@gmail.com
616,Karan,Mishra,Hyderabad,Telangana,9971563953,karan.mishra616@gmail.com
617,Anjali,Kumar,Bhilai,Chhattisgarh,9816975225,anjali.kumar617@gmail.com
618,Karan,Gupta,Indore,Madhya Pradesh,9564867244,karan.gupta618@gmail.com
619,Anjali,Patel,Chennai,Tamil Nadu,9741772532,anjali.patel619@gmail.com
620,Neha,Mishra,Chennai,Tamil Nadu,9732824053,neha.mishra620@gmail.com
621,Pooja,Mishra,Bengaluru,Karnataka,9901696428,pooja.mishra621@gmail.com
622,Suresh,Patil,Bilaspur,Chhattisgarh,9988479554,suresh.patil622@gmail.com
623,Kavita,Yadav,Durg,Chhattisgarh,9229154336,kavita.yadav623@gmail.com
624,Aditya,Patel,Jaipur,Rajasthan,9273081332,aditya.patel624@gmail.com
625,Rakesh,Patel,Bengaluru,Karnataka,9990815361,rakesh.patel625@gmail.com
626,Suresh,Soni,Lucknow,Uttar Pradesh,9390219574,suresh.soni626@gmail.com
627,Karan,Yadav,Raipur,Chhattisgarh,9666615346,karan.yadav627@gmail.com
628,Pooja,Verma,Chennai,Tamil Nadu,9977938644,pooja.verma628@gmail.com
629,Arjun,Gupta,Durg,Chhattisgarh,9833099886,arjun.gupta629@gmail.com
630,Aditya,Sahu,Raigarh,Chhattisgarh,9290765850,aditya.sahu630@gmail.com
631,Anjali,Soni,Raigarh,Chhattisgarh,9187097207,anjali.soni631@gmail.com
632,Pooja,Jain,Ranchi,Jharkhand,9638235286,pooja.jain632@gmail.com
633,Neha,Chauhan,Nagpur,Maharashtra,9348778246,neha.chauhan633@gmail.com
634,Simran,Pandey,Surat,Gujarat,9026257300,simran.pandey634@gmail.com
635,Arjun,Jain,Raipur,Chhattisgarh,9946652296,arjun.jain635@gmail.com
636,Simran,Yadav,Ranchi,Jharkhand,9889186566,simran.yadav636@gmail.com
637,Rahul,Jain,Bengaluru,Karnataka,9953759770,rahul.jain637@gmail.com
638,Kavita,Jain,Chennai,Tamil Nadu,9896701295,kavita.jain638@gmail.com
639,Rakesh,Gupta,Nagpur,Maharashtra,9078098672,rakesh.gupta639@gmail.com
640,Kavita,Soni,Bilaspur,Chhattisgarh,9451863529,kavita.soni640@gmail.com
641,Riya,Pandey,Mumbai,Maharashtra,9187440077,riya.pandey641@gmail.com
642,Rohit,Sharma,Bilaspur,Chhattisgarh,9162018706,rohit.sharma642@gmail.com
643,Rohit,Singh,Bhopal,Madhya Pradesh,9613029614,rohit.singh643@gmail.com
644,Nisha,Verma,Bhilai,Chhattisgarh,9466263201,nisha.verma644@gmail.com
645,Riya,Sharma,Chennai,Tamil Nadu,9650558125,riya.sharma645@gmail.com
646,Amit,Sharma,Bilaspur,Chhattisgarh,9544094552,amit.sharma646@gmail.com
647,Vivek,Sahu,Durg,Chhattisgarh,9065980268,vivek.sahu647@gmail.com
648,Aarti,Mishra,Ranchi,Jharkhand,9375786387,aarti.mishra648@gmail.com
649,Rakesh,Patil,Nagpur,Maharashtra,9368928279,rakesh.patil649@gmail.com
650,Karan,Chauhan,Hyderabad,Telangana,9646728682,karan.chauhan650@gmail.com
651,Simran,Agarwal,Durg,Chhattisgarh,9440704302,simran.agarwal651@gmail.com
652,Nisha,Pandey,Ranchi,Jharkhand,9600990854,nisha.pandey652@gmail.com
653,Rohit,Mishra,Lucknow,Uttar Pradesh,9454078087,rohit.mishra653@gmail.com
654,Arjun,Chauhan,Nagpur,Maharashtra,9830960760,arjun.chauhan654@gmail.com
655,Rohit,Singh,Raigarh,Chhattisgarh,9049106726,rohit.singh655@gmail.com
656,Priya,Mishra,Surat,Gujarat,9664974925,priya.mishra656@gmail.com
657,Aarti,Verma,Delhi,Delhi,9478293633,aarti.verma657@gmail.com
658,Priya,Mishra,Durg,Chhattisgarh,9279850242,priya.mishra658@gmail.com
659,Riya,Kumar,Chennai,Tamil Nadu,9785716062,riya.kumar659@gmail.com
660,Aditya,Patel,Lucknow,Uttar Pradesh,9740956776,aditya.patel660@gmail.com
661,Vivek,Yadav,Pune,Maharashtra,9383962993,vivek.yadav661@gmail.com
662,Aarti,Yadav,Bengaluru,Karnataka,9560184236,aarti.yadav662@gmail.com
663,Riya,Yadav,Raigarh,Chhattisgarh,9600615538,riya.yadav663@gmail.com
664,Rakesh,Mishra,Indore,Madhya Pradesh,9753928912,rakesh.mishra664@gmail.com
665,Nisha,Singh,Raigarh,Chhattisgarh,9363831257,nisha.singh665@gmail.com
666,Amit,Patil,Indore,Madhya Pradesh,9965575756,amit.patil666@gmail.com
667,Suresh,Kumar,Chennai,Tamil Nadu,9146549787,suresh.kumar667@gmail.com
668,Arjun,Yadav,Bhopal,Madhya Pradesh,9887630637,arjun.yadav668@gmail.com
669,Priya,Patel,Hyderabad,Telangana,9336513640,priya.patel669@gmail.com
670,Rohit,Sharma,Nagpur,Maharashtra,9349093129,rohit.sharma670@gmail.com
671,Aditya,Pandey,Nagpur,Maharashtra,9444359839,aditya.pandey671@gmail.com
672,Suresh,Chauhan,Ranchi,Jharkhand,9238943973,suresh.chauhan672@gmail.com
673,Arjun,Sharma,Bilaspur,Chhattisgarh,9510551703,arjun.sharma673@gmail.com
674,Nisha,Agarwal,Kolkata,West Bengal,9202593336,nisha.agarwal674@gmail.com
675,Kavita,Chauhan,Hyderabad,Telangana,9870403587,kavita.chauhan675@gmail.com
676,Neha,Jain,Delhi,Delhi,9745728304,neha.jain676@gmail.com
677,Arjun,Pandey,Raigarh,Chhattisgarh,9255066289,arjun.pandey677@gmail.com
678,Arjun,Verma,Nagpur,Maharashtra,9850704685,arjun.verma678@gmail.com
679,Vivek,Singh,Delhi,Delhi,9469123149,vivek.singh679@gmail.com
680,Karan,Kumar,Lucknow,Uttar Pradesh,9091408033,karan.kumar680@gmail.com
681,Vivek,Verma,Chennai,Tamil Nadu,9205709556,vivek.verma681@gmail.com
682,Karan,Sahu,Chennai,Tamil Nadu,9567762010,karan.sahu682@gmail.com
683,Rakesh,Singh,Mumbai,Maharashtra,9849259165,rakesh.singh683@gmail.com
684,Priya,Jain,Hyderabad,Telangana,9346804773,priya.jain684@gmail.com
685,Aditya,Soni,Mumbai,Maharashtra,9300195639,aditya.soni685@gmail.com
686,Aditya,Sharma,Raipur,Chhattisgarh,9308398423,aditya.sharma686@gmail.com
687,Simran,Sahu,Raigarh,Chhattisgarh,9162871960,simran.sahu687@gmail.com
688,Rohit,Patel,Delhi,Delhi,9130773289,rohit.patel688@gmail.com
689,Karan,Patil,Surat,Gujarat,9221527287,karan.patil689@gmail.com
690,Kavita,Mishra,Pune,Maharashtra,9669381997,kavita.mishra690@gmail.com
691,Suresh,Kumar,Bhilai,Chhattisgarh,9493439056,suresh.kumar691@gmail.com
692,Kavita,Patel,Pune,Maharashtra,9330394518,kavita.patel692@gmail.com
693,Anjali,Soni,Kolkata,West Bengal,9887600413,anjali.soni693@gmail.com
694,Kavita,Kumar,Kolkata,West Bengal,9842129309,kavita.kumar694@gmail.com
695,Rohit,Sharma,Indore,Madhya Pradesh,9775287446,rohit.sharma695@gmail.com
696,Priya,Verma,Surat,Gujarat,9426586781,priya.verma696@gmail.com
697,Rakesh,Patil,Pune,Maharashtra,9410806354,rakesh.patil697@gmail.com
698,Arjun,Sahu,Ahmedabad,Gujarat,9390941901,arjun.sahu698@gmail.com
699,Suresh,Gupta,Kolkata,West Bengal,9351641766,suresh.gupta699@gmail.com
700,Karan,Verma,Ahmedabad,Gujarat,9526210271,karan.verma700@gmail.com
701,Suresh,Yadav,Surat,Gujarat,9799286949,suresh.yadav701@gmail.com
702,Riya,Agarwal,Ahmedabad,Gujarat,9995330377,riya.agarwal702@gmail.com
703,Karan,Yadav,Chennai,Tamil Nadu,9769261056,karan.yadav703@gmail.com
704,Karan,Sharma,Raigarh,Chhattisgarh,9098808238,karan.sharma704@gmail.com
705,Suresh,Patel,Lucknow,Uttar Pradesh,9395697173,suresh.patel705@gmail.com
706,Vivek,Soni,Raipur,Chhattisgarh,9433623238,vivek.soni706@gmail.com
707,Aarti,Sharma,Jaipur,Rajasthan,9662622262,aarti.sharma707@gmail.com
708,Rahul,Kumar,Durg,Chhattisgarh,9491465779,rahul.kumar708@gmail.com
709,Neha,Chauhan,Bilaspur,Chhattisgarh,9616850482,neha.chauhan709@gmail.com
710,Rohit,Agarwal,Jaipur,Rajasthan,9439520979,rohit.agarwal710@gmail.com
711,Amit,Verma,Mumbai,Maharashtra,9096697096,amit.verma711@gmail.com
712,Aarti,Singh,Raipur,Chhattisgarh,9044105212,aarti.singh712@gmail.com
713,Arjun,Patel,Pune,Maharashtra,9137905778,arjun.patel713@gmail.com
714,Rahul,Singh,Lucknow,Uttar Pradesh,9889743276,rahul.singh714@gmail.com
715,Kavita,Kumar,Bilaspur,Chhattisgarh,9274547859,kavita.kumar715@gmail.com
716,Kavita,Patel,Raigarh,Chhattisgarh,9593270130,kavita.patel716@gmail.com
717,Rakesh,Patel,Chennai,Tamil Nadu,9258058601,rakesh.patel717@gmail.com
718,Rohit,Pandey,Raigarh,Chhattisgarh,9069591695,rohit.pandey718@gmail.com
719,Rohit,Kumar,Delhi,Delhi,9402693973,rohit.kumar719@gmail.com
720,Aarti,Sahu,Jaipur,Rajasthan,9191835182,aarti.sahu720@gmail.com
721,Simran,Kumar,Pune,Maharashtra,9175928957,simran.kumar721@gmail.com
722,Manish,Kumar,Raipur,Chhattisgarh,9963931140,manish.kumar722@gmail.com
723,Karan,Sharma,Pune,Maharashtra,9152367512,karan.sharma723@gmail.com
724,Rohit,Mishra,Delhi,Delhi,9544143476,rohit.mishra724@gmail.com
725,Kavita,Kumar,Delhi,Delhi,9240063001,kavita.kumar725@gmail.com
726,Rahul,Patil,Bengaluru,Karnataka,9438902580,rahul.patil726@gmail.com
727,Pooja,Chauhan,Mumbai,Maharashtra,9495154785,pooja.chauhan727@gmail.com
728,Sneha,Agarwal,Nagpur,Maharashtra,9139955743,sneha.agarwal728@gmail.com
729,Manish,Singh,Raigarh,Chhattisgarh,9011705858,manish.singh729@gmail.com
730,Neha,Sharma,Lucknow,Uttar Pradesh,9275229609,neha.sharma730@gmail.com
731,Aditya,Yadav,Nagpur,Maharashtra,9439077628,aditya.yadav731@gmail.com
732,Manish,Soni,Jaipur,Rajasthan,9810148557,manish.soni732@gmail.com
733,Nisha,Patil,Bhilai,Chhattisgarh,9322138385,nisha.patil733@gmail.com
734,Rohit,Pandey,Delhi,Delhi,9785662039,rohit.pandey734@gmail.com
735,Aarti,Yadav,Ahmedabad,Gujarat,9191339168,aarti.yadav735@gmail.com
736,Rakesh,Yadav,Delhi,Delhi,9050238655,rakesh.yadav736@gmail.com
737,Sneha,Yadav,Lucknow,Uttar Pradesh,9440834826,sneha.yadav737@gmail.com
738,Suresh,Gupta,Lucknow,Uttar Pradesh,9105544219,suresh.gupta738@gmail.com
739,Nisha,Patil,Jaipur,Rajasthan,9314944582,nisha.patil739@gmail.com
740,Riya,Chauhan,Chennai,Tamil Nadu,9226953023,riya.chauhan740@gmail.com
741,Rohit,Chauhan,Chennai,Tamil Nadu,9388948399,rohit.chauhan741@gmail.com
742,Rohit,Patel,Hyderabad,Telangana,9033006274,rohit.patel742@gmail.com
743,Neha,Singh,Hyderabad,Telangana,9901282414,neha.singh743@gmail.com
744,Pooja,Soni,Raipur,Chhattisgarh,9084335868,pooja.soni744@gmail.com
745,Suresh,Gupta,Mumbai,Maharashtra,9415160460,suresh.gupta745@gmail.com
746,Suresh,Sahu,Bhilai,Chhattisgarh,9390503962,suresh.sahu746@gmail.com
747,Sneha,Soni,Chennai,Tamil Nadu,9710236104,sneha.soni747@gmail.com
748,Sneha,Sahu,Mumbai,Maharashtra,9936026991,sneha.sahu748@gmail.com
749,Neha,Sharma,Jaipur,Rajasthan,9751225269,neha.sharma749@gmail.com
750,Arjun,Mishra,Raigarh,Chhattisgarh,9835571359,arjun.mishra750@gmail.com
751,Aarti,Sharma,Chennai,Tamil Nadu,9746621095,aarti.sharma751@gmail.com
752,Simran,Soni,Durg,Chhattisgarh,9270557232,simran.soni752@gmail.com
753,Kavita,Soni,Bengaluru,Karnataka,9127408427,kavita.soni753@gmail.com
754,Aditya,Yadav,Indore,Madhya Pradesh,9070613949,aditya.yadav754@gmail.com
755,Priya,Chauhan,Kolkata,West Bengal,9859043209,priya.chauhan755@gmail.com
756,Nisha,Mishra,Raipur,Chhattisgarh,9559979313,nisha.mishra756@gmail.com
757,Riya,Singh,Bilaspur,Chhattisgarh,9433842894,riya.singh757@gmail.com
758,Amit,Mishra,Delhi,Delhi,9820477855,amit.mishra758@gmail.com
759,Rahul,Patel,Bengaluru,Karnataka,9897192212,rahul.patel759@gmail.com
760,Manish,Sharma,Bilaspur,Chhattisgarh,9484834469,manish.sharma760@gmail.com
761,Neha,Mishra,Hyderabad,Telangana,9183749707,neha.mishra761@gmail.com
762,Suresh,Patel,Lucknow,Uttar Pradesh,9981222606,suresh.patel762@gmail.com
763,Simran,Singh,Surat,Gujarat,9320395039,simran.singh763@gmail.com
764,Vivek,Mishra,Pune,Maharashtra,9640066456,vivek.mishra764@gmail.com
765,Aarti,Sharma,Lucknow,Uttar Pradesh,9518365518,aarti.sharma765@gmail.com
766,Aditya,Verma,Lucknow,Uttar Pradesh,9919946082,aditya.verma766@gmail.com
767,Arjun,Pandey,Bilaspur,Chhattisgarh,9690048723,arjun.pandey767@gmail.com
768,Priya,Kumar,Durg,Chhattisgarh,9297198028,priya.kumar768@gmail.com
769,Rohit,Patel,Surat,Gujarat,9820678154,rohit.patel769@gmail.com
770,Aarti,Agarwal,Bhopal,Madhya Pradesh,9814137294,aarti.agarwal770@gmail.com
771,Manish,Sharma,Raipur,Chhattisgarh,9464205331,manish.sharma771@gmail.com
772,Riya,Pandey,Ahmedabad,Gujarat,9112533913,riya.pandey772@gmail.com
773,Arjun,Verma,Mumbai,Maharashtra,9065220622,arjun.verma773@gmail.com
774,Nisha,Singh,Jaipur,Rajasthan,9141357939,nisha.singh774@gmail.com
775,Rohit,Agarwal,Chennai,Tamil Nadu,9355152572,rohit.agarwal775@gmail.com
776,Priya,Yadav,Kolkata,West Bengal,9493450366,priya.yadav776@gmail.com
777,Aarti,Singh,Raipur,Chhattisgarh,9915303260,aarti.singh777@gmail.com
778,Pooja,Singh,Mumbai,Maharashtra,9651030219,pooja.singh778@gmail.com
779,Riya,Yadav,Bhopal,Madhya Pradesh,9824564746,riya.yadav779@gmail.com
780,Rahul,Sahu,Jaipur,Rajasthan,9743199724,rahul.sahu780@gmail.com
781,Neha,Patel,Raigarh,Chhattisgarh,9339456783,neha.patel781@gmail.com
782,Arjun,Pandey,Lucknow,Uttar Pradesh,9950603659,arjun.pandey782@gmail.com
783,Amit,Jain,Bhilai,Chhattisgarh,9547506868,amit.jain783@gmail.com
784,Vivek,Jain,Raipur,Chhattisgarh,9274028838,vivek.jain784@gmail.com
785,Priya,Sahu,Pune,Maharashtra,9458607169,priya.sahu785@gmail.com
786,Karan,Gupta,Raipur,Chhattisgarh,9478717185,karan.gupta786@gmail.com
787,Karan,Patel,Kolkata,West Bengal,9910830428,karan.patel787@gmail.com
788,Riya,Kumar,Indore,Madhya Pradesh,9750863173,riya.kumar788@gmail.com
789,Simran,Pandey,Bilaspur,Chhattisgarh,9690035093,simran.pandey789@gmail.com
790,Rahul,Kumar,Ahmedabad,Gujarat,9352405505,rahul.kumar790@gmail.com
791,Sneha,Singh,Indore,Madhya Pradesh,9273845974,sneha.singh791@gmail.com
792,Rakesh,Patil,Lucknow,Uttar Pradesh,9008021974,rakesh.patil792@gmail.com
793,Kavita,Sahu,Chennai,Tamil Nadu,9564804312,kavita.sahu793@gmail.com
794,Amit,Sharma,Ahmedabad,Gujarat,9487614341,amit.sharma794@gmail.com
795,Aarti,Soni,Nagpur,Maharashtra,9822800709,aarti.soni795@gmail.com
796,Manish,Kumar,Bhopal,Madhya Pradesh,9914941413,manish.kumar796@gmail.com
797,Neha,Chauhan,Nagpur,Maharashtra,9940060941,neha.chauhan797@gmail.com
798,Rakesh,Chauhan,Kolkata,West Bengal,9778396744,rakesh.chauhan798@gmail.com
799,Rakesh,Verma,Raigarh,Chhattisgarh,9954964452,rakesh.verma799@gmail.com
800,Simran,Patel,Chennai,Tamil Nadu,9266390259,simran.patel800@gmail.com
801,Simran,Sahu,Bengaluru,Karnataka,9272858981,simran.sahu801@gmail.com
802,Rohit,Kumar,Bhopal,Madhya Pradesh,9240098481,rohit.kumar802@gmail.com
803,Rohit,Gupta,Lucknow,Uttar Pradesh,9167623364,rohit.gupta803@gmail.com
804,Aarti,Kumar,Jaipur,Rajasthan,9523257464,aarti.kumar804@gmail.com
805,Arjun,Patil,Bhopal,Madhya Pradesh,9243861526,arjun.patil805@gmail.com
806,Nisha,Patil,Kolkata,West Bengal,9446229226,nisha.patil806@gmail.com
807,Aditya,Singh,Ranchi,Jharkhand,9734735465,aditya.singh807@gmail.com
808,Kavita,Agarwal,Bhilai,Chhattisgarh,9192276838,kavita.agarwal808@gmail.com
809,Manish,Chauhan,Ranchi,Jharkhand,9287545754,manish.chauhan809@gmail.com
810,Aarti,Mishra,Chennai,Tamil Nadu,9741888255,aarti.mishra810@gmail.com
811,Priya,Gupta,Ranchi,Jharkhand,9697560053,priya.gupta811@gmail.com
812,Manish,Singh,Chennai,Tamil Nadu,9617255974,manish.singh812@gmail.com
813,Arjun,Verma,Kolkata,West Bengal,9514260896,arjun.verma813@gmail.com
814,Rahul,Sharma,Bilaspur,Chhattisgarh,9403533492,rahul.sharma814@gmail.com
815,Simran,Mishra,Bhilai,Chhattisgarh,9151984090,simran.mishra815@gmail.com
816,Riya,Agarwal,Kolkata,West Bengal,9963002988,riya.agarwal816@gmail.com
817,Vivek,Patil,Mumbai,Maharashtra,9393553242,vivek.patil817@gmail.com
818,Kavita,Yadav,Lucknow,Uttar Pradesh,9466206123,kavita.yadav818@gmail.com
819,Kavita,Yadav,Ranchi,Jharkhand,9288078641,kavita.yadav819@gmail.com
820,Pooja,Gupta,Mumbai,Maharashtra,9833287095,pooja.gupta820@gmail.com
821,Arjun,Verma,Ranchi,Jharkhand,9169289224,arjun.verma821@gmail.com
822,Karan,Patel,Kolkata,West Bengal,9456451990,karan.patel822@gmail.com
823,Arjun,Patel,Lucknow,Uttar Pradesh,9044877840,arjun.patel823@gmail.com
824,Suresh,Sharma,Pune,Maharashtra,9820099196,suresh.sharma824@gmail.com
825,Suresh,Agarwal,Lucknow,Uttar Pradesh,9872443081,suresh.agarwal825@gmail.com
826,Arjun,Sahu,Kolkata,West Bengal,9255871935,arjun.sahu826@gmail.com
827,Priya,Agarwal,Bilaspur,Chhattisgarh,9905916365,priya.agarwal827@gmail.com
828,Arjun,Verma,Nagpur,Maharashtra,9645032868,arjun.verma828@gmail.com
829,Vivek,Soni,Kolkata,West Bengal,9172969820,vivek.soni829@gmail.com
830,Karan,Pandey,Bengaluru,Karnataka,9213860427,karan.pandey830@gmail.com
831,Rahul,Patel,Bhilai,Chhattisgarh,9003678450,rahul.patel831@gmail.com
832,Aditya,Agarwal,Lucknow,Uttar Pradesh,9356239299,aditya.agarwal832@gmail.com
833,Sneha,Jain,Surat,Gujarat,9335782963,sneha.jain833@gmail.com
834,Aarti,Pandey,Lucknow,Uttar Pradesh,9192926098,aarti.pandey834@gmail.com
835,Rakesh,Jain,Ranchi,Jharkhand,9076297604,rakesh.jain835@gmail.com
836,Aarti,Chauhan,Mumbai,Maharashtra,9407723201,aarti.chauhan836@gmail.com
837,Pooja,Patel,Ahmedabad,Gujarat,9441957672,pooja.patel837@gmail.com
838,Priya,Kumar,Raigarh,Chhattisgarh,9922772042,priya.kumar838@gmail.com
839,Anjali,Verma,Jaipur,Rajasthan,9709376641,anjali.verma839@gmail.com
840,Rakesh,Sahu,Raipur,Chhattisgarh,9642775553,rakesh.sahu840@gmail.com
841,Kavita,Patil,Raipur,Chhattisgarh,9022491179,kavita.patil841@gmail.com
842,Karan,Patel,Surat,Gujarat,9991802447,karan.patel842@gmail.com
843,Kavita,Mishra,Chennai,Tamil Nadu,9064117140,kavita.mishra843@gmail.com
844,Manish,Patil,Lucknow,Uttar Pradesh,9148549829,manish.patil844@gmail.com
845,Karan,Sahu,Kolkata,West Bengal,9895231785,karan.sahu845@gmail.com
846,Amit,Agarwal,Bengaluru,Karnataka,9360177903,amit.agarwal846@gmail.com
847,Neha,Patel,Bhopal,Madhya Pradesh,9660429119,neha.patel847@gmail.com
848,Amit,Kumar,Bengaluru,Karnataka,9625550955,amit.kumar848@gmail.com
849,Vivek,Gupta,Ranchi,Jharkhand,9147444385,vivek.gupta849@gmail.com
850,Sneha,Mishra,Jaipur,Rajasthan,9347358823,sneha.mishra850@gmail.com
851,Amit,Pandey,Ranchi,Jharkhand,9903974284,amit.pandey851@gmail.com
852,Aditya,Soni,Nagpur,Maharashtra,9716566487,aditya.soni852@gmail.com
853,Simran,Mishra,Pune,Maharashtra,9325486889,simran.mishra853@gmail.com
854,Arjun,Agarwal,Bhopal,Madhya Pradesh,9489628312,arjun.agarwal854@gmail.com
855,Aarti,Jain,Mumbai,Maharashtra,9340826210,aarti.jain855@gmail.com
856,Pooja,Soni,Ahmedabad,Gujarat,9166447934,pooja.soni856@gmail.com
857,Manish,Gupta,Bhopal,Madhya Pradesh,9398959427,manish.gupta857@gmail.com
858,Aarti,Chauhan,Kolkata,West Bengal,9659588267,aarti.chauhan858@gmail.com
859,Suresh,Verma,Kolkata,West Bengal,9762789034,suresh.verma859@gmail.com
860,Karan,Sharma,Ahmedabad,Gujarat,9949193525,karan.sharma860@gmail.com
861,Priya,Agarwal,Ranchi,Jharkhand,9298731851,priya.agarwal861@gmail.com
862,Anjali,Soni,Bilaspur,Chhattisgarh,9731906737,anjali.soni862@gmail.com
863,Simran,Patil,Kolkata,West Bengal,9367992514,simran.patil863@gmail.com
864,Manish,Jain,Bhopal,Madhya Pradesh,9662705407,manish.jain864@gmail.com
865,Sneha,Sahu,Indore,Madhya Pradesh,9463416231,sneha.sahu865@gmail.com
866,Rakesh,Patil,Raigarh,Chhattisgarh,9346731454,rakesh.patil866@gmail.com
867,Nisha,Jain,Jaipur,Rajasthan,9805432779,nisha.jain867@gmail.com
868,Amit,Sahu,Pune,Maharashtra,9634059651,amit.sahu868@gmail.com
869,Neha,Soni,Delhi,Delhi,9308171332,neha.soni869@gmail.com
870,Aarti,Patil,Delhi,Delhi,9211221159,aarti.patil870@gmail.com
871,Priya,Sharma,Durg,Chhattisgarh,9102844938,priya.sharma871@gmail.com
872,Vivek,Kumar,Mumbai,Maharashtra,9937041021,vivek.kumar872@gmail.com
873,Vivek,Sahu,Nagpur,Maharashtra,9820895941,vivek.sahu873@gmail.com
874,Manish,Pandey,Mumbai,Maharashtra,9490150977,manish.pandey874@gmail.com
875,Sneha,Sahu,Bilaspur,Chhattisgarh,9454637530,sneha.sahu875@gmail.com
876,Aarti,Soni,Kolkata,West Bengal,9048856150,aarti.soni876@gmail.com
877,Vivek,Kumar,Kolkata,West Bengal,9700988787,vivek.kumar877@gmail.com
878,Suresh,Sharma,Lucknow,Uttar Pradesh,9508696930,suresh.sharma878@gmail.com
879,Aarti,Patil,Bengaluru,Karnataka,9499696813,aarti.patil879@gmail.com
880,Simran,Singh,Bhilai,Chhattisgarh,9996105024,simran.singh880@gmail.com
881,Aditya,Verma,Durg,Chhattisgarh,9714427537,aditya.verma881@gmail.com
882,Vivek,Jain,Jaipur,Rajasthan,9587031753,vivek.jain882@gmail.com
883,Pooja,Patil,Raigarh,Chhattisgarh,9693696832,pooja.patil883@gmail.com
884,Manish,Sahu,Jaipur,Rajasthan,9322721539,manish.sahu884@gmail.com
885,Rahul,Gupta,Ranchi,Jharkhand,9946763288,rahul.gupta885@gmail.com
886,Rakesh,Agarwal,Lucknow,Uttar Pradesh,9832763182,rakesh.agarwal886@gmail.com
887,Vivek,Verma,Jaipur,Rajasthan,9406436925,vivek.verma887@gmail.com
888,Suresh,Chauhan,Kolkata,West Bengal,9424460295,suresh.chauhan888@gmail.com
889,Kavita,Singh,Bhilai,Chhattisgarh,9952676622,kavita.singh889@gmail.com
890,Simran,Kumar,Bhopal,Madhya Pradesh,9366909520,simran.kumar890@gmail.com
891,Sneha,Verma,Nagpur,Maharashtra,9216102007,sneha.verma891@gmail.com
892,Aditya,Mishra,Bilaspur,Chhattisgarh,9154915058,aditya.mishra892@gmail.com
893,Neha,Kumar,Indore,Madhya Pradesh,9657827577,neha.kumar893@gmail.com
894,Pooja,Sahu,Indore,Madhya Pradesh,9734125206,pooja.sahu894@gmail.com
895,Pooja,Verma,Bilaspur,Chhattisgarh,9896361730,pooja.verma895@gmail.com
896,Anjali,Patel,Bilaspur,Chhattisgarh,9278921922,anjali.patel896@gmail.com
897,Aditya,Jain,Indore,Madhya Pradesh,9679084037,aditya.jain897@gmail.com
898,Sneha,Kumar,Surat,Gujarat,9090103598,sneha.kumar898@gmail.com
899,Arjun,Verma,Bengaluru,Karnataka,9989712462,arjun.verma899@gmail.com
900,Arjun,Verma,Durg,Chhattisgarh,9031274037,arjun.verma900@gmail.com
901,Kavita,Chauhan,Mumbai,Maharashtra,9394138127,kavita.chauhan901@gmail.com
902,Vivek,Jain,Nagpur,Maharashtra,9789420634,vivek.jain902@gmail.com
903,Aarti,Jain,Mumbai,Maharashtra,9106010707,aarti.jain903@gmail.com
904,Suresh,Singh,Surat,Gujarat,9479075957,suresh.singh904@gmail.com
905,Simran,Kumar,Bhopal,Madhya Pradesh,9117182786,simran.kumar905@gmail.com
906,Nisha,Chauhan,Bhilai,Chhattisgarh,9558555733,nisha.chauhan906@gmail.com
907,Riya,Verma,Nagpur,Maharashtra,9960241471,riya.verma907@gmail.com
908,Manish,Soni,Bhilai,Chhattisgarh,9419335943,manish.soni908@gmail.com
909,Priya,Patel,Nagpur,Maharashtra,9961244791,priya.patel909@gmail.com
910,Arjun,Chauhan,Surat,Gujarat,9157069598,arjun.chauhan910@gmail.com
911,Priya,Chauhan,Jaipur,Rajasthan,9552804206,priya.chauhan911@gmail.com
912,Arjun,Singh,Durg,Chhattisgarh,9574117995,arjun.singh912@gmail.com
913,Pooja,Patel,Bhilai,Chhattisgarh,9439697747,pooja.patel913@gmail.com
914,Amit,Kumar,Nagpur,Maharashtra,9335804959,amit.kumar914@gmail.com
915,Amit,Sharma,Jaipur,Rajasthan,9348431497,amit.sharma915@gmail.com
916,Sneha,Jain,Kolkata,West Bengal,9046455043,sneha.jain916@gmail.com
917,Rakesh,Agarwal,Bilaspur,Chhattisgarh,9549939998,rakesh.agarwal917@gmail.com
918,Aditya,Agarwal,Ahmedabad,Gujarat,9189974548,aditya.agarwal918@gmail.com
919,Pooja,Gupta,Bengaluru,Karnataka,9143388884,pooja.gupta919@gmail.com
920,Neha,Sahu,Bengaluru,Karnataka,9666850343,neha.sahu920@gmail.com
921,Nisha,Chauhan,Surat,Gujarat,9941715180,nisha.chauhan921@gmail.com
922,Sneha,Chauhan,Bilaspur,Chhattisgarh,9050304948,sneha.chauhan922@gmail.com
923,Aarti,Pandey,Nagpur,Maharashtra,9859155719,aarti.pandey923@gmail.com
924,Manish,Chauhan,Raigarh,Chhattisgarh,9542765018,manish.chauhan924@gmail.com
925,Sneha,Yadav,Raigarh,Chhattisgarh,9770640399,sneha.yadav925@gmail.com
926,Kavita,Singh,Kolkata,West Bengal,9067491008,kavita.singh926@gmail.com
927,Suresh,Singh,Ahmedabad,Gujarat,9958760316,suresh.singh927@gmail.com
928,Riya,Patel,Surat,Gujarat,9671652822,riya.patel928@gmail.com
929,Aditya,Patil,Indore,Madhya Pradesh,9639217300,aditya.patil929@gmail.com
930,Aarti,Pandey,Nagpur,Maharashtra,9770364378,aarti.pandey930@gmail.com
931,Rakesh,Yadav,Lucknow,Uttar Pradesh,9957091141,rakesh.yadav931@gmail.com
932,Pooja,Soni,Jaipur,Rajasthan,9604486709,pooja.soni932@gmail.com
933,Karan,Gupta,Pune,Maharashtra,9898997847,karan.gupta933@gmail.com
934,Sneha,Patel,Ranchi,Jharkhand,9695428495,sneha.patel934@gmail.com
935,Amit,Yadav,Bilaspur,Chhattisgarh,9784562567,amit.yadav935@gmail.com
936,Rohit,Gupta,Bilaspur,Chhattisgarh,9562092790,rohit.gupta936@gmail.com
937,Kavita,Pandey,Surat,Gujarat,9079873720,kavita.pandey937@gmail.com
938,Suresh,Patel,Kolkata,West Bengal,9830201710,suresh.patel938@gmail.com
939,Aarti,Verma,Bhilai,Chhattisgarh,9134213278,aarti.verma939@gmail.com
940,Aditya,Verma,Bilaspur,Chhattisgarh,9703159953,aditya.verma940@gmail.com
941,Pooja,Verma,Pune,Maharashtra,9297783330,pooja.verma941@gmail.com
942,Anjali,Sharma,Hyderabad,Telangana,9417362732,anjali.sharma942@gmail.com
943,Rahul,Patil,Bilaspur,Chhattisgarh,9379697534,rahul.patil943@gmail.com
944,Suresh,Singh,Chennai,Tamil Nadu,9013823211,suresh.singh944@gmail.com
945,Pooja,Chauhan,Raipur,Chhattisgarh,9371272099,pooja.chauhan945@gmail.com
946,Aditya,Chauhan,Pune,Maharashtra,9196537957,aditya.chauhan946@gmail.com
947,Rakesh,Verma,Bengaluru,Karnataka,9938137543,rakesh.verma947@gmail.com
948,Aarti,Pandey,Bhopal,Madhya Pradesh,9436559874,aarti.pandey948@gmail.com
949,Neha,Patel,Bhopal,Madhya Pradesh,9303745615,neha.patel949@gmail.com
950,Sneha,Soni,Chennai,Tamil Nadu,9792955239,sneha.soni950@gmail.com
951,Rakesh,Chauhan,Kolkata,West Bengal,9376329838,rakesh.chauhan951@gmail.com
952,Kavita,Sahu,Hyderabad,Telangana,9916673835,kavita.sahu952@gmail.com
953,Simran,Verma,Durg,Chhattisgarh,9180725926,simran.verma953@gmail.com
954,Vivek,Jain,Ahmedabad,Gujarat,9885858367,vivek.jain954@gmail.com
955,Pooja,Sahu,Lucknow,Uttar Pradesh,9404101559,pooja.sahu955@gmail.com
956,Rahul,Mishra,Chennai,Tamil Nadu,9131574391,rahul.mishra956@gmail.com
957,Karan,Singh,Bhilai,Chhattisgarh,9302608008,karan.singh957@gmail.com
958,Pooja,Singh,Bilaspur,Chhattisgarh,9519797558,pooja.singh958@gmail.com
959,Manish,Sahu,Ranchi,Jharkhand,9019416084,manish.sahu959@gmail.com
960,Vivek,Chauhan,Jaipur,Rajasthan,9024564233,vivek.chauhan960@gmail.com
961,Arjun,Pandey,Bhopal,Madhya Pradesh,9322746278,arjun.pandey961@gmail.com
962,Amit,Jain,Bilaspur,Chhattisgarh,9606340734,amit.jain962@gmail.com
963,Vivek,Verma,Delhi,Delhi,9079005655,vivek.verma963@gmail.com
964,Rahul,Yadav,Bilaspur,Chhattisgarh,9177069560,rahul.yadav964@gmail.com
965,Amit,Jain,Durg,Chhattisgarh,9528144223,amit.jain965@gmail.com
966,Karan,Sahu,Delhi,Delhi,9733603477,karan.sahu966@gmail.com
967,Neha,Sharma,Mumbai,Maharashtra,9040211774,neha.sharma967@gmail.com
968,Neha,Singh,Chennai,Tamil Nadu,9837747077,neha.singh968@gmail.com
969,Rohit,Patil,Nagpur,Maharashtra,9115428877,rohit.patil969@gmail.com
970,Pooja,Patel,Mumbai,Maharashtra,9724219959,pooja.patel970@gmail.com
971,Rohit,Jain,Jaipur,Rajasthan,9361524369,rohit.jain971@gmail.com
972,Rakesh,Singh,Ahmedabad,Gujarat,9072598941,rakesh.singh972@gmail.com
973,Simran,Gupta,Indore,Madhya Pradesh,9148342143,simran.gupta973@gmail.com
974,Riya,Singh,Delhi,Delhi,9031332037,riya.singh974@gmail.com
975,Simran,Agarwal,Chennai,Tamil Nadu,9545337370,simran.agarwal975@gmail.com
976,Kavita,Patel,Nagpur,Maharashtra,9838716710,kavita.patel976@gmail.com
977,Rohit,Patel,Hyderabad,Telangana,9784650717,rohit.patel977@gmail.com
978,Kavita,Soni,Kolkata,West Bengal,9544485097,kavita.soni978@gmail.com
979,Arjun,Gupta,Lucknow,Uttar Pradesh,9844412663,arjun.gupta979@gmail.com
980,Amit,Agarwal,Bhilai,Chhattisgarh,9353221941,amit.agarwal980@gmail.com
981,Suresh,Gupta,Bhopal,Madhya Pradesh,9084138953,suresh.gupta981@gmail.com
982,Aditya,Gupta,Bengaluru,Karnataka,9320746620,aditya.gupta982@gmail.com
983,Aditya,Agarwal,Ranchi,Jharkhand,9040946499,aditya.agarwal983@gmail.com
984,Aditya,Agarwal,Raigarh,Chhattisgarh,9477449489,aditya.agarwal984@gmail.com
985,Manish,Agarwal,Chennai,Tamil Nadu,9750781912,manish.agarwal985@gmail.com
986,Riya,Soni,Kolkata,West Bengal,9101214043,riya.soni986@gmail.com
987,Rohit,Pandey,Raigarh,Chhattisgarh,9044737693,rohit.pandey987@gmail.com
988,Riya,Mishra,Bilaspur,Chhattisgarh,9924297942,riya.mishra988@gmail.com
989,Karan,Gupta,Chennai,Tamil Nadu,9767973508,karan.gupta989@gmail.com
990,Aarti,Jain,Lucknow,Uttar Pradesh,9609629726,aarti.jain990@gmail.com
991,Simran,Pandey,Mumbai,Maharashtra,9197606282,simran.pandey991@gmail.com
992,Arjun,Soni,Delhi,Delhi,9401415154,arjun.soni992@gmail.com
993,Aarti,Patil,Durg,Chhattisgarh,9771006521,aarti.patil993@gmail.com
994,Amit,Sahu,Nagpur,Maharashtra,9231995681,amit.sahu994@gmail.com
995,Simran,Verma,Surat,Gujarat,9641390365,simran.verma995@gmail.com
996,Rahul,Chauhan,Bengaluru,Karnataka,9497110429,rahul.chauhan996@gmail.com
997,Simran,Verma,Indore,Madhya Pradesh,9886474771,simran.verma997@gmail.com
998,Aarti,Pandey,Delhi,Delhi,9409951107,aarti.pandey998@gmail.com
999,Riya,Sahu,Raipur,Chhattisgarh,9767900364,riya.sahu999@gmail.com
1000,Vivek,Verma,Ranchi,Jharkhand,9372021697,vivek.verma1000@gmail.com
